--
-- PostgreSQL database dump
--

-- Dumped from database version 16.9 (Ubuntu 16.9-0ubuntu0.24.04.1)
-- Dumped by pg_dump version 16.9 (Ubuntu 16.9-0ubuntu0.24.04.1)

SET statement_timeout = 0;
SET lock_timeout = 0;
SET idle_in_transaction_session_timeout = 0;
SET client_encoding = 'UTF8';
SET standard_conforming_strings = on;
SELECT pg_catalog.set_config('search_path', '', false);
SET check_function_bodies = false;
SET xmloption = content;
SET client_min_messages = warning;
SET row_security = off;

SET default_tablespace = '';

SET default_table_access_method = heap;

--
-- Name: auth_group; Type: TABLE; Schema: public; Owner: postgres
--

CREATE TABLE public.auth_group (
    id integer NOT NULL,
    name character varying(150) NOT NULL
);


ALTER TABLE public.auth_group OWNER TO postgres;

--
-- Name: auth_group_id_seq; Type: SEQUENCE; Schema: public; Owner: postgres
--

ALTER TABLE public.auth_group ALTER COLUMN id ADD GENERATED BY DEFAULT AS IDENTITY (
    SEQUENCE NAME public.auth_group_id_seq
    START WITH 1
    INCREMENT BY 1
    NO MINVALUE
    NO MAXVALUE
    CACHE 1
);


--
-- Name: auth_group_permissions; Type: TABLE; Schema: public; Owner: postgres
--

CREATE TABLE public.auth_group_permissions (
    id bigint NOT NULL,
    group_id integer NOT NULL,
    permission_id integer NOT NULL
);


ALTER TABLE public.auth_group_permissions OWNER TO postgres;

--
-- Name: auth_group_permissions_id_seq; Type: SEQUENCE; Schema: public; Owner: postgres
--

ALTER TABLE public.auth_group_permissions ALTER COLUMN id ADD GENERATED BY DEFAULT AS IDENTITY (
    SEQUENCE NAME public.auth_group_permissions_id_seq
    START WITH 1
    INCREMENT BY 1
    NO MINVALUE
    NO MAXVALUE
    CACHE 1
);


--
-- Name: auth_permission; Type: TABLE; Schema: public; Owner: postgres
--

CREATE TABLE public.auth_permission (
    id integer NOT NULL,
    name character varying(255) NOT NULL,
    content_type_id integer NOT NULL,
    codename character varying(100) NOT NULL
);


ALTER TABLE public.auth_permission OWNER TO postgres;

--
-- Name: auth_permission_id_seq; Type: SEQUENCE; Schema: public; Owner: postgres
--

ALTER TABLE public.auth_permission ALTER COLUMN id ADD GENERATED BY DEFAULT AS IDENTITY (
    SEQUENCE NAME public.auth_permission_id_seq
    START WITH 1
    INCREMENT BY 1
    NO MINVALUE
    NO MAXVALUE
    CACHE 1
);


--
-- Name: authentication_appkey; Type: TABLE; Schema: public; Owner: postgres
--

CREATE TABLE public.authentication_appkey (
    id uuid NOT NULL,
    name character varying(255) NOT NULL,
    key_type character varying(20) NOT NULL,
    public_key character varying(100) NOT NULL,
    secret_key character varying(255) NOT NULL,
    key_prefix character varying(20) NOT NULL,
    scopes text NOT NULL,
    allowed_ips text NOT NULL,
    daily_request_limit integer,
    monthly_request_limit integer,
    status character varying(20) NOT NULL,
    expires_at timestamp with time zone,
    last_used_at timestamp with time zone,
    total_requests bigint NOT NULL,
    created_at timestamp with time zone NOT NULL,
    updated_at timestamp with time zone NOT NULL,
    revoked_at timestamp with time zone,
    partner_id uuid NOT NULL,
    revoked_by_id uuid,
    CONSTRAINT authentication_appkey_daily_request_limit_check CHECK ((daily_request_limit >= 0)),
    CONSTRAINT authentication_appkey_monthly_request_limit_check CHECK ((monthly_request_limit >= 0)),
    CONSTRAINT authentication_appkey_total_requests_check CHECK ((total_requests >= 0))
);


ALTER TABLE public.authentication_appkey OWNER TO postgres;

--
-- Name: authentication_appkeyusagelog; Type: TABLE; Schema: public; Owner: postgres
--

CREATE TABLE public.authentication_appkeyusagelog (
    id uuid NOT NULL,
    endpoint character varying(255) NOT NULL,
    method character varying(10) NOT NULL,
    ip_address inet NOT NULL,
    user_agent text NOT NULL,
    status_code integer NOT NULL,
    response_time_ms integer NOT NULL,
    request_size_bytes integer NOT NULL,
    response_size_bytes integer NOT NULL,
    request_id character varying(50) NOT NULL,
    error_message text NOT NULL,
    created_at timestamp with time zone NOT NULL,
    app_key_id uuid NOT NULL,
    CONSTRAINT authentication_appkeyusagelog_request_size_bytes_check CHECK ((request_size_bytes >= 0)),
    CONSTRAINT authentication_appkeyusagelog_response_size_bytes_check CHECK ((response_size_bytes >= 0)),
    CONSTRAINT authentication_appkeyusagelog_response_time_ms_check CHECK ((response_time_ms >= 0)),
    CONSTRAINT authentication_appkeyusagelog_status_code_check CHECK ((status_code >= 0))
);


ALTER TABLE public.authentication_appkeyusagelog OWNER TO postgres;

--
-- Name: authentication_country; Type: TABLE; Schema: public; Owner: postgres
--

CREATE TABLE public.authentication_country (
    id uuid NOT NULL,
    name character varying(100) NOT NULL,
    code character varying(3) NOT NULL,
    phone_code character varying(10),
    created_at timestamp with time zone NOT NULL,
    updated_at timestamp with time zone NOT NULL
);


ALTER TABLE public.authentication_country OWNER TO postgres;

--
-- Name: authentication_customuser; Type: TABLE; Schema: public; Owner: postgres
--

CREATE TABLE public.authentication_customuser (
    password character varying(128) NOT NULL,
    last_login timestamp with time zone,
    is_superuser boolean NOT NULL,
    id uuid NOT NULL,
    email character varying(255) NOT NULL,
    first_name character varying(150) NOT NULL,
    last_name character varying(150) NOT NULL,
    phone_number character varying(20),
    role character varying(20) NOT NULL,
    is_verified boolean NOT NULL,
    is_active boolean NOT NULL,
    is_staff boolean NOT NULL,
    last_login_at timestamp with time zone,
    refresh_token text,
    created_at timestamp with time zone NOT NULL,
    updated_at timestamp with time zone NOT NULL,
    country_id uuid,
    preferred_currency_id uuid,
    is_api_user boolean NOT NULL
);


ALTER TABLE public.authentication_customuser OWNER TO postgres;

--
-- Name: authentication_customuser_groups; Type: TABLE; Schema: public; Owner: postgres
--

CREATE TABLE public.authentication_customuser_groups (
    id bigint NOT NULL,
    customuser_id uuid NOT NULL,
    group_id integer NOT NULL
);


ALTER TABLE public.authentication_customuser_groups OWNER TO postgres;

--
-- Name: authentication_customuser_groups_id_seq; Type: SEQUENCE; Schema: public; Owner: postgres
--

ALTER TABLE public.authentication_customuser_groups ALTER COLUMN id ADD GENERATED BY DEFAULT AS IDENTITY (
    SEQUENCE NAME public.authentication_customuser_groups_id_seq
    START WITH 1
    INCREMENT BY 1
    NO MINVALUE
    NO MAXVALUE
    CACHE 1
);


--
-- Name: authentication_customuser_user_permissions; Type: TABLE; Schema: public; Owner: postgres
--

CREATE TABLE public.authentication_customuser_user_permissions (
    id bigint NOT NULL,
    customuser_id uuid NOT NULL,
    permission_id integer NOT NULL
);


ALTER TABLE public.authentication_customuser_user_permissions OWNER TO postgres;

--
-- Name: authentication_customuser_user_permissions_id_seq; Type: SEQUENCE; Schema: public; Owner: postgres
--

ALTER TABLE public.authentication_customuser_user_permissions ALTER COLUMN id ADD GENERATED BY DEFAULT AS IDENTITY (
    SEQUENCE NAME public.authentication_customuser_user_permissions_id_seq
    START WITH 1
    INCREMENT BY 1
    NO MINVALUE
    NO MAXVALUE
    CACHE 1
);


--
-- Name: authentication_documenttypemodel; Type: TABLE; Schema: public; Owner: postgres
--

CREATE TABLE public.authentication_documenttypemodel (
    id uuid NOT NULL,
    name character varying(100) NOT NULL,
    code character varying(50) NOT NULL,
    description text NOT NULL,
    is_required boolean NOT NULL,
    is_active boolean NOT NULL,
    display_order integer NOT NULL,
    icon character varying(50) NOT NULL,
    max_file_size_mb integer NOT NULL,
    allowed_extensions character varying(200) NOT NULL,
    created_at timestamp with time zone NOT NULL,
    updated_at timestamp with time zone NOT NULL,
    CONSTRAINT authentication_documenttypemodel_display_order_check CHECK ((display_order >= 0)),
    CONSTRAINT authentication_documenttypemodel_max_file_size_mb_check CHECK ((max_file_size_mb >= 0))
);


ALTER TABLE public.authentication_documenttypemodel OWNER TO postgres;

--
-- Name: authentication_emailotp; Type: TABLE; Schema: public; Owner: postgres
--

CREATE TABLE public.authentication_emailotp (
    id uuid NOT NULL,
    otp_code character varying(6) NOT NULL,
    purpose character varying(20) NOT NULL,
    is_used boolean NOT NULL,
    expires_at timestamp with time zone NOT NULL,
    created_at timestamp with time zone NOT NULL,
    used_at timestamp with time zone,
    user_id uuid NOT NULL
);


ALTER TABLE public.authentication_emailotp OWNER TO postgres;

--
-- Name: authentication_merchant; Type: TABLE; Schema: public; Owner: postgres
--

CREATE TABLE public.authentication_merchant (
    id uuid NOT NULL,
    business_name character varying(255) NOT NULL,
    business_registration_number character varying(100),
    business_address text NOT NULL,
    business_phone character varying(20) NOT NULL,
    business_email character varying(254) NOT NULL,
    website_url character varying(200),
    description text NOT NULL,
    status character varying(20) NOT NULL,
    is_verified boolean NOT NULL,
    verification_notes text NOT NULL,
    verified_at timestamp with time zone,
    bank_account_name character varying(255) NOT NULL,
    bank_account_number character varying(50) NOT NULL,
    bank_name character varying(255) NOT NULL,
    bank_routing_number character varying(20) NOT NULL,
    created_at timestamp with time zone NOT NULL,
    updated_at timestamp with time zone NOT NULL,
    category_id uuid,
    user_id uuid NOT NULL,
    verified_by_id uuid
);


ALTER TABLE public.authentication_merchant OWNER TO postgres;

--
-- Name: authentication_merchantcategory; Type: TABLE; Schema: public; Owner: postgres
--

CREATE TABLE public.authentication_merchantcategory (
    id uuid NOT NULL,
    name character varying(100) NOT NULL,
    code character varying(20) NOT NULL,
    description text NOT NULL,
    is_active boolean NOT NULL,
    created_at timestamp with time zone NOT NULL,
    updated_at timestamp with time zone NOT NULL
);


ALTER TABLE public.authentication_merchantcategory OWNER TO postgres;

--
-- Name: authentication_merchantdocument; Type: TABLE; Schema: public; Owner: postgres
--

CREATE TABLE public.authentication_merchantdocument (
    id uuid NOT NULL,
    document_type character varying(50) NOT NULL,
    document_file character varying(100) NOT NULL,
    original_filename character varying(255) NOT NULL,
    title character varying(255) NOT NULL,
    description text NOT NULL,
    status character varying(20) NOT NULL,
    is_required boolean NOT NULL,
    expiry_date date,
    verification_notes text NOT NULL,
    verified_at timestamp with time zone,
    file_size integer,
    file_type character varying(20) NOT NULL,
    uploaded_at timestamp with time zone NOT NULL,
    updated_at timestamp with time zone NOT NULL,
    merchant_id uuid NOT NULL,
    verified_by_id uuid,
    CONSTRAINT authentication_merchantdocument_file_size_check CHECK ((file_size >= 0))
);


ALTER TABLE public.authentication_merchantdocument OWNER TO postgres;

--
-- Name: authentication_notification; Type: TABLE; Schema: public; Owner: postgres
--

CREATE TABLE public.authentication_notification (
    id uuid NOT NULL,
    title character varying(200) NOT NULL,
    message text NOT NULL,
    type character varying(20) NOT NULL,
    priority character varying(20) NOT NULL,
    action_url character varying(200) NOT NULL,
    action_text character varying(100) NOT NULL,
    is_read boolean NOT NULL,
    is_dismissed boolean NOT NULL,
    read_at timestamp with time zone,
    expires_at timestamp with time zone,
    created_at timestamp with time zone NOT NULL,
    updated_at timestamp with time zone NOT NULL,
    user_id uuid NOT NULL
);


ALTER TABLE public.authentication_notification OWNER TO postgres;

--
-- Name: authentication_preferredcurrency; Type: TABLE; Schema: public; Owner: postgres
--

CREATE TABLE public.authentication_preferredcurrency (
    id uuid NOT NULL,
    name character varying(100) NOT NULL,
    code character varying(3) NOT NULL,
    symbol character varying(10) NOT NULL,
    is_active boolean NOT NULL,
    created_at timestamp with time zone NOT NULL,
    updated_at timestamp with time zone NOT NULL
);


ALTER TABLE public.authentication_preferredcurrency OWNER TO postgres;

--
-- Name: authentication_rolegroup; Type: TABLE; Schema: public; Owner: postgres
--

CREATE TABLE public.authentication_rolegroup (
    id bigint NOT NULL,
    role character varying(20) NOT NULL,
    created_at timestamp with time zone NOT NULL,
    updated_at timestamp with time zone NOT NULL
);


ALTER TABLE public.authentication_rolegroup OWNER TO postgres;

--
-- Name: authentication_rolegroup_groups; Type: TABLE; Schema: public; Owner: postgres
--

CREATE TABLE public.authentication_rolegroup_groups (
    id bigint NOT NULL,
    rolegroup_id bigint NOT NULL,
    group_id integer NOT NULL
);


ALTER TABLE public.authentication_rolegroup_groups OWNER TO postgres;

--
-- Name: authentication_rolegroup_groups_id_seq; Type: SEQUENCE; Schema: public; Owner: postgres
--

ALTER TABLE public.authentication_rolegroup_groups ALTER COLUMN id ADD GENERATED BY DEFAULT AS IDENTITY (
    SEQUENCE NAME public.authentication_rolegroup_groups_id_seq
    START WITH 1
    INCREMENT BY 1
    NO MINVALUE
    NO MAXVALUE
    CACHE 1
);


--
-- Name: authentication_rolegroup_id_seq; Type: SEQUENCE; Schema: public; Owner: postgres
--

ALTER TABLE public.authentication_rolegroup ALTER COLUMN id ADD GENERATED BY DEFAULT AS IDENTITY (
    SEQUENCE NAME public.authentication_rolegroup_id_seq
    START WITH 1
    INCREMENT BY 1
    NO MINVALUE
    NO MAXVALUE
    CACHE 1
);


--
-- Name: authentication_usersession; Type: TABLE; Schema: public; Owner: postgres
--

CREATE TABLE public.authentication_usersession (
    id uuid NOT NULL,
    session_key character varying(255) NOT NULL,
    ip_address inet,
    user_agent text,
    is_active boolean NOT NULL,
    created_at timestamp with time zone NOT NULL,
    expires_at timestamp with time zone NOT NULL,
    user_id uuid NOT NULL
);


ALTER TABLE public.authentication_usersession OWNER TO postgres;

--
-- Name: authentication_whitelabelpartner; Type: TABLE; Schema: public; Owner: postgres
--

CREATE TABLE public.authentication_whitelabelpartner (
    id uuid NOT NULL,
    name character varying(255) NOT NULL,
    code character varying(50) NOT NULL,
    contact_email character varying(254) NOT NULL,
    contact_phone character varying(20) NOT NULL,
    website_url character varying(200) NOT NULL,
    business_address text NOT NULL,
    business_registration_number character varying(100) NOT NULL,
    tax_id character varying(50) NOT NULL,
    allowed_domains text NOT NULL,
    webhook_url character varying(200) NOT NULL,
    webhook_secret character varying(255) NOT NULL,
    daily_api_limit integer NOT NULL,
    monthly_api_limit integer NOT NULL,
    concurrent_connections_limit integer NOT NULL,
    is_active boolean NOT NULL,
    is_verified boolean NOT NULL,
    verification_notes text NOT NULL,
    verified_at timestamp with time zone,
    created_at timestamp with time zone NOT NULL,
    updated_at timestamp with time zone NOT NULL,
    verified_by_id uuid,
    CONSTRAINT authentication_whitelabelpar_concurrent_connections_limit_check CHECK ((concurrent_connections_limit >= 0)),
    CONSTRAINT authentication_whitelabelpartner_daily_api_limit_check CHECK ((daily_api_limit >= 0)),
    CONSTRAINT authentication_whitelabelpartner_monthly_api_limit_check CHECK ((monthly_api_limit >= 0))
);


ALTER TABLE public.authentication_whitelabelpartner OWNER TO postgres;

--
-- Name: checkout_checkoutpage; Type: TABLE; Schema: public; Owner: postgres
--

CREATE TABLE public.checkout_checkoutpage (
    id uuid NOT NULL,
    name character varying(200) NOT NULL,
    slug character varying(200) NOT NULL,
    title character varying(200) NOT NULL,
    description text NOT NULL,
    logo character varying(100),
    primary_color character varying(7) NOT NULL,
    secondary_color character varying(7) NOT NULL,
    background_color character varying(7) NOT NULL,
    min_amount numeric(10,2) NOT NULL,
    max_amount numeric(10,2) NOT NULL,
    allow_custom_amount boolean NOT NULL,
    is_active boolean NOT NULL,
    require_customer_info boolean NOT NULL,
    require_billing_address boolean NOT NULL,
    require_shipping_address boolean NOT NULL,
    success_url character varying(200) NOT NULL,
    cancel_url character varying(200) NOT NULL,
    created_at timestamp with time zone NOT NULL,
    updated_at timestamp with time zone NOT NULL,
    currency_id uuid NOT NULL,
    merchant_id uuid NOT NULL
);


ALTER TABLE public.checkout_checkoutpage OWNER TO postgres;

--
-- Name: checkout_checkoutsession; Type: TABLE; Schema: public; Owner: postgres
--

CREATE TABLE public.checkout_checkoutsession (
    id uuid NOT NULL,
    session_token character varying(255) NOT NULL,
    amount numeric(10,2) NOT NULL,
    customer_email character varying(254) NOT NULL,
    customer_name character varying(200) NOT NULL,
    customer_phone character varying(20) NOT NULL,
    billing_address jsonb NOT NULL,
    shipping_address jsonb NOT NULL,
    selected_payment_method character varying(50) NOT NULL,
    payment_reference character varying(255) NOT NULL,
    status character varying(20) NOT NULL,
    expires_at timestamp with time zone NOT NULL,
    completed_at timestamp with time zone,
    metadata jsonb NOT NULL,
    created_at timestamp with time zone NOT NULL,
    updated_at timestamp with time zone NOT NULL,
    checkout_page_id uuid NOT NULL,
    currency_id uuid NOT NULL
);


ALTER TABLE public.checkout_checkoutsession OWNER TO postgres;

--
-- Name: checkout_paymentmethodconfig; Type: TABLE; Schema: public; Owner: postgres
--

CREATE TABLE public.checkout_paymentmethodconfig (
    id uuid NOT NULL,
    payment_method character varying(50) NOT NULL,
    is_enabled boolean NOT NULL,
    display_order integer NOT NULL,
    gateway_config jsonb NOT NULL,
    display_name character varying(100) NOT NULL,
    icon_override character varying(100),
    created_at timestamp with time zone NOT NULL,
    updated_at timestamp with time zone NOT NULL,
    checkout_page_id uuid NOT NULL,
    CONSTRAINT checkout_paymentmethodconfig_display_order_check CHECK ((display_order >= 0))
);


ALTER TABLE public.checkout_paymentmethodconfig OWNER TO postgres;

--
-- Name: django_admin_log; Type: TABLE; Schema: public; Owner: postgres
--

CREATE TABLE public.django_admin_log (
    id integer NOT NULL,
    action_time timestamp with time zone NOT NULL,
    object_id text,
    object_repr character varying(200) NOT NULL,
    action_flag smallint NOT NULL,
    change_message text NOT NULL,
    content_type_id integer,
    user_id uuid NOT NULL,
    CONSTRAINT django_admin_log_action_flag_check CHECK ((action_flag >= 0))
);


ALTER TABLE public.django_admin_log OWNER TO postgres;

--
-- Name: django_admin_log_id_seq; Type: SEQUENCE; Schema: public; Owner: postgres
--

ALTER TABLE public.django_admin_log ALTER COLUMN id ADD GENERATED BY DEFAULT AS IDENTITY (
    SEQUENCE NAME public.django_admin_log_id_seq
    START WITH 1
    INCREMENT BY 1
    NO MINVALUE
    NO MAXVALUE
    CACHE 1
);


--
-- Name: django_content_type; Type: TABLE; Schema: public; Owner: postgres
--

CREATE TABLE public.django_content_type (
    id integer NOT NULL,
    app_label character varying(100) NOT NULL,
    model character varying(100) NOT NULL
);


ALTER TABLE public.django_content_type OWNER TO postgres;

--
-- Name: django_content_type_id_seq; Type: SEQUENCE; Schema: public; Owner: postgres
--

ALTER TABLE public.django_content_type ALTER COLUMN id ADD GENERATED BY DEFAULT AS IDENTITY (
    SEQUENCE NAME public.django_content_type_id_seq
    START WITH 1
    INCREMENT BY 1
    NO MINVALUE
    NO MAXVALUE
    CACHE 1
);


--
-- Name: django_migrations; Type: TABLE; Schema: public; Owner: postgres
--

CREATE TABLE public.django_migrations (
    id bigint NOT NULL,
    app character varying(255) NOT NULL,
    name character varying(255) NOT NULL,
    applied timestamp with time zone NOT NULL
);


ALTER TABLE public.django_migrations OWNER TO postgres;

--
-- Name: django_migrations_id_seq; Type: SEQUENCE; Schema: public; Owner: postgres
--

ALTER TABLE public.django_migrations ALTER COLUMN id ADD GENERATED BY DEFAULT AS IDENTITY (
    SEQUENCE NAME public.django_migrations_id_seq
    START WITH 1
    INCREMENT BY 1
    NO MINVALUE
    NO MAXVALUE
    CACHE 1
);


--
-- Name: django_session; Type: TABLE; Schema: public; Owner: postgres
--

CREATE TABLE public.django_session (
    session_key character varying(40) NOT NULL,
    session_data text NOT NULL,
    expire_date timestamp with time zone NOT NULL
);


ALTER TABLE public.django_session OWNER TO postgres;

--
-- Name: transactions_paymentgateway; Type: TABLE; Schema: public; Owner: postgres
--

CREATE TABLE public.transactions_paymentgateway (
    id uuid NOT NULL,
    name character varying(100) NOT NULL,
    code character varying(50) NOT NULL,
    description text NOT NULL,
    api_endpoint character varying(200) NOT NULL,
    webhook_endpoint character varying(200) NOT NULL,
    public_key text NOT NULL,
    private_key text NOT NULL,
    merchant_id character varying(100) NOT NULL,
    supports_payments boolean NOT NULL,
    supports_refunds boolean NOT NULL,
    supports_payouts boolean NOT NULL,
    supports_webhooks boolean NOT NULL,
    supports_recurring boolean NOT NULL,
    supported_payment_methods text NOT NULL,
    supported_currencies text NOT NULL,
    min_amount numeric(15,2) NOT NULL,
    max_amount numeric(15,2) NOT NULL,
    transaction_fee_percentage numeric(5,4) NOT NULL,
    transaction_fee_fixed numeric(10,2) NOT NULL,
    is_active boolean NOT NULL,
    is_sandbox boolean NOT NULL,
    priority integer NOT NULL,
    created_at timestamp with time zone NOT NULL,
    updated_at timestamp with time zone NOT NULL,
    CONSTRAINT transactions_paymentgateway_priority_check CHECK ((priority >= 0))
);


ALTER TABLE public.transactions_paymentgateway OWNER TO postgres;

--
-- Name: transactions_paymentlink; Type: TABLE; Schema: public; Owner: postgres
--

CREATE TABLE public.transactions_paymentlink (
    id uuid NOT NULL,
    title character varying(255) NOT NULL,
    description text NOT NULL,
    amount numeric(15,2) NOT NULL,
    is_amount_flexible boolean NOT NULL,
    min_amount numeric(15,2),
    max_amount numeric(15,2),
    slug character varying(100) NOT NULL,
    is_active boolean NOT NULL,
    expires_at timestamp with time zone,
    max_uses integer,
    current_uses integer NOT NULL,
    require_name boolean NOT NULL,
    require_email boolean NOT NULL,
    require_phone boolean NOT NULL,
    require_address boolean NOT NULL,
    allowed_payment_methods text NOT NULL,
    success_url character varying(200) NOT NULL,
    cancel_url character varying(200) NOT NULL,
    metadata jsonb NOT NULL,
    created_at timestamp with time zone NOT NULL,
    updated_at timestamp with time zone NOT NULL,
    currency_id uuid NOT NULL,
    merchant_id uuid NOT NULL,
    CONSTRAINT transactions_paymentlink_current_uses_check CHECK ((current_uses >= 0)),
    CONSTRAINT transactions_paymentlink_max_uses_check CHECK ((max_uses >= 0))
);


ALTER TABLE public.transactions_paymentlink OWNER TO postgres;

--
-- Name: transactions_transaction; Type: TABLE; Schema: public; Owner: postgres
--

CREATE TABLE public.transactions_transaction (
    id uuid NOT NULL,
    reference character varying(100) NOT NULL,
    external_reference character varying(255) NOT NULL,
    customer_email character varying(254) NOT NULL,
    customer_phone character varying(20) NOT NULL,
    transaction_type character varying(20) NOT NULL,
    status character varying(20) NOT NULL,
    payment_method character varying(20) NOT NULL,
    amount numeric(15,2) NOT NULL,
    fee_amount numeric(15,2) NOT NULL,
    net_amount numeric(15,2) NOT NULL,
    original_currency character varying(3) NOT NULL,
    original_amount numeric(15,2),
    exchange_rate numeric(10,6),
    description text NOT NULL,
    metadata jsonb NOT NULL,
    payment_details jsonb NOT NULL,
    processed_at timestamp with time zone,
    completed_at timestamp with time zone,
    failed_at timestamp with time zone,
    expires_at timestamp with time zone,
    failure_reason text NOT NULL,
    failure_code character varying(50) NOT NULL,
    settlement_date date,
    settlement_reference character varying(100) NOT NULL,
    is_settled boolean NOT NULL,
    ip_address inet,
    user_agent text NOT NULL,
    risk_score integer,
    is_flagged boolean NOT NULL,
    created_at timestamp with time zone NOT NULL,
    updated_at timestamp with time zone NOT NULL,
    currency_id uuid NOT NULL,
    customer_id uuid,
    gateway_id uuid,
    merchant_id uuid NOT NULL,
    parent_transaction_id uuid,
    CONSTRAINT transactions_transaction_risk_score_check CHECK ((risk_score >= 0))
);


ALTER TABLE public.transactions_transaction OWNER TO postgres;

--
-- Name: transactions_transactionevent; Type: TABLE; Schema: public; Owner: postgres
--

CREATE TABLE public.transactions_transactionevent (
    id uuid NOT NULL,
    event_type character varying(50) NOT NULL,
    old_status character varying(20) NOT NULL,
    new_status character varying(20) NOT NULL,
    description text NOT NULL,
    metadata jsonb NOT NULL,
    source character varying(50) NOT NULL,
    created_at timestamp with time zone NOT NULL,
    transaction_id uuid NOT NULL,
    user_id uuid
);


ALTER TABLE public.transactions_transactionevent OWNER TO postgres;

--
-- Name: transactions_webhook; Type: TABLE; Schema: public; Owner: postgres
--

CREATE TABLE public.transactions_webhook (
    id uuid NOT NULL,
    url character varying(200) NOT NULL,
    event_type character varying(50) NOT NULL,
    payload jsonb NOT NULL,
    headers jsonb NOT NULL,
    status_code integer,
    response_body text NOT NULL,
    response_time_ms integer,
    attempts integer NOT NULL,
    max_attempts integer NOT NULL,
    is_delivered boolean NOT NULL,
    delivered_at timestamp with time zone,
    next_attempt_at timestamp with time zone,
    error_message text NOT NULL,
    created_at timestamp with time zone NOT NULL,
    updated_at timestamp with time zone NOT NULL,
    transaction_id uuid NOT NULL,
    CONSTRAINT transactions_webhook_attempts_check CHECK ((attempts >= 0)),
    CONSTRAINT transactions_webhook_max_attempts_check CHECK ((max_attempts >= 0)),
    CONSTRAINT transactions_webhook_response_time_ms_check CHECK ((response_time_ms >= 0)),
    CONSTRAINT transactions_webhook_status_code_check CHECK ((status_code >= 0))
);


ALTER TABLE public.transactions_webhook OWNER TO postgres;

--
-- Data for Name: auth_group; Type: TABLE DATA; Schema: public; Owner: postgres
--

COPY public.auth_group (id, name) FROM stdin;
1	merchants
2	Administrators
3	Staff
4	Moderators
5	Users
\.


--
-- Data for Name: auth_group_permissions; Type: TABLE DATA; Schema: public; Owner: postgres
--

COPY public.auth_group_permissions (id, group_id, permission_id) FROM stdin;
\.


--
-- Data for Name: auth_permission; Type: TABLE DATA; Schema: public; Owner: postgres
--

COPY public.auth_permission (id, name, content_type_id, codename) FROM stdin;
1	Can add log entry	1	add_logentry
2	Can change log entry	1	change_logentry
3	Can delete log entry	1	delete_logentry
4	Can view log entry	1	view_logentry
5	Can add permission	2	add_permission
6	Can change permission	2	change_permission
7	Can delete permission	2	delete_permission
8	Can view permission	2	view_permission
9	Can add group	3	add_group
10	Can change group	3	change_group
11	Can delete group	3	delete_group
12	Can view group	3	view_group
13	Can add content type	4	add_contenttype
14	Can change content type	4	change_contenttype
15	Can delete content type	4	delete_contenttype
16	Can view content type	4	view_contenttype
17	Can add session	5	add_session
18	Can change session	5	change_session
19	Can delete session	5	delete_session
20	Can view session	5	view_session
21	Can add User	6	add_customuser
22	Can change User	6	change_customuser
23	Can delete User	6	delete_customuser
24	Can view User	6	view_customuser
25	Can add country	7	add_country
26	Can change country	7	change_country
27	Can delete country	7	delete_country
28	Can view country	7	view_country
29	Can add preferred currency	8	add_preferredcurrency
30	Can change preferred currency	8	change_preferredcurrency
31	Can delete preferred currency	8	delete_preferredcurrency
32	Can view preferred currency	8	view_preferredcurrency
33	Can add user session	9	add_usersession
34	Can change user session	9	change_usersession
35	Can delete user session	9	delete_usersession
36	Can view user session	9	view_usersession
37	Can add Role Group Mapping	10	add_rolegroup
38	Can change Role Group Mapping	10	change_rolegroup
39	Can delete Role Group Mapping	10	delete_rolegroup
40	Can view Role Group Mapping	10	view_rolegroup
41	Can add merchant category	11	add_merchantcategory
42	Can change merchant category	11	change_merchantcategory
43	Can delete merchant category	11	delete_merchantcategory
44	Can view merchant category	11	view_merchantcategory
45	Can add merchant	12	add_merchant
46	Can change merchant	12	change_merchant
47	Can delete merchant	12	delete_merchant
48	Can view merchant	12	view_merchant
49	Can add Email OTP	13	add_emailotp
50	Can change Email OTP	13	change_emailotp
51	Can delete Email OTP	13	delete_emailotp
52	Can view Email OTP	13	view_emailotp
53	Can add Merchant Document	14	add_merchantdocument
54	Can change Merchant Document	14	change_merchantdocument
55	Can delete Merchant Document	14	delete_merchantdocument
56	Can view Merchant Document	14	view_merchantdocument
57	Can add Document Type	15	add_documenttypemodel
58	Can change Document Type	15	change_documenttypemodel
59	Can delete Document Type	15	delete_documenttypemodel
60	Can view Document Type	15	view_documenttypemodel
61	Can add Whitelabel Partner	16	add_whitelabelpartner
62	Can change Whitelabel Partner	16	change_whitelabelpartner
63	Can delete Whitelabel Partner	16	delete_whitelabelpartner
64	Can view Whitelabel Partner	16	view_whitelabelpartner
65	Can add App Key	17	add_appkey
66	Can change App Key	17	change_appkey
67	Can delete App Key	17	delete_appkey
68	Can view App Key	17	view_appkey
69	Can add App Key Usage Log	18	add_appkeyusagelog
70	Can change App Key Usage Log	18	change_appkeyusagelog
71	Can delete App Key Usage Log	18	delete_appkeyusagelog
72	Can view App Key Usage Log	18	view_appkeyusagelog
73	Can add notification	19	add_notification
74	Can change notification	19	change_notification
75	Can delete notification	19	delete_notification
76	Can view notification	19	view_notification
77	Can add Payment Gateway	20	add_paymentgateway
78	Can change Payment Gateway	20	change_paymentgateway
79	Can delete Payment Gateway	20	delete_paymentgateway
80	Can view Payment Gateway	20	view_paymentgateway
81	Can add Transaction	21	add_transaction
82	Can change Transaction	21	change_transaction
83	Can delete Transaction	21	delete_transaction
84	Can view Transaction	21	view_transaction
85	Can add Webhook	22	add_webhook
86	Can change Webhook	22	change_webhook
87	Can delete Webhook	22	delete_webhook
88	Can view Webhook	22	view_webhook
89	Can add Transaction Event	23	add_transactionevent
90	Can change Transaction Event	23	change_transactionevent
91	Can delete Transaction Event	23	delete_transactionevent
92	Can view Transaction Event	23	view_transactionevent
93	Can add Payment Link	24	add_paymentlink
94	Can change Payment Link	24	change_paymentlink
95	Can delete Payment Link	24	delete_paymentlink
96	Can view Payment Link	24	view_paymentlink
97	Can add Checkout Page	25	add_checkoutpage
98	Can change Checkout Page	25	change_checkoutpage
99	Can delete Checkout Page	25	delete_checkoutpage
100	Can view Checkout Page	25	view_checkoutpage
101	Can add Checkout Session	26	add_checkoutsession
102	Can change Checkout Session	26	change_checkoutsession
103	Can delete Checkout Session	26	delete_checkoutsession
104	Can view Checkout Session	26	view_checkoutsession
105	Can add Payment Method Configuration	27	add_paymentmethodconfig
106	Can change Payment Method Configuration	27	change_paymentmethodconfig
107	Can delete Payment Method Configuration	27	delete_paymentmethodconfig
108	Can view Payment Method Configuration	27	view_paymentmethodconfig
\.


--
-- Data for Name: authentication_appkey; Type: TABLE DATA; Schema: public; Owner: postgres
--

COPY public.authentication_appkey (id, name, key_type, public_key, secret_key, key_prefix, scopes, allowed_ips, daily_request_limit, monthly_request_limit, status, expires_at, last_used_at, total_requests, created_at, updated_at, revoked_at, partner_id, revoked_by_id) FROM stdin;
\.


--
-- Data for Name: authentication_appkeyusagelog; Type: TABLE DATA; Schema: public; Owner: postgres
--

COPY public.authentication_appkeyusagelog (id, endpoint, method, ip_address, user_agent, status_code, response_time_ms, request_size_bytes, response_size_bytes, request_id, error_message, created_at, app_key_id) FROM stdin;
\.


--
-- Data for Name: authentication_country; Type: TABLE DATA; Schema: public; Owner: postgres
--

COPY public.authentication_country (id, name, code, phone_code, created_at, updated_at) FROM stdin;
925d3117-5c65-4cf0-bf4f-8fbbf2351c15	Albania	AL	+355	2025-07-20 10:00:54.402983+03	2025-07-20 10:00:54.403042+03
8621a5f6-6449-4439-8439-d3bee177d039	Andorra	AD	+376	2025-07-20 10:00:54.420434+03	2025-07-20 10:00:54.420462+03
204ffa68-b6a1-4eca-b7f4-3eca4ec0ab34	Armenia	AM	+374	2025-07-20 10:00:54.431511+03	2025-07-20 10:00:54.431528+03
1008b59d-1622-4246-9ed1-bc8eeaf012ce	Austria	AT	+43	2025-07-20 10:00:54.446448+03	2025-07-20 10:00:54.446476+03
62b7401b-7b25-4590-8784-7d04a31bf3b9	Azerbaijan	AZ	+994	2025-07-20 10:00:54.468236+03	2025-07-20 10:00:54.468311+03
907c76b7-71d0-4fef-91ab-bb04618ed77c	Belarus	BY	+375	2025-07-20 10:00:54.493999+03	2025-07-20 10:00:54.494021+03
847fee99-849d-453f-bdbb-92d9a11b117a	Belgium	BE	+32	2025-07-20 10:00:54.509006+03	2025-07-20 10:00:54.509028+03
2017d30b-b104-4093-ad12-08d3e9deb668	Bosnia and Herzegovina	BA	+387	2025-07-20 10:00:54.524216+03	2025-07-20 10:00:54.524384+03
282725d8-6b2c-4430-8dfa-538e4f2ef777	Bulgaria	BG	+359	2025-07-20 10:00:54.547947+03	2025-07-20 10:00:54.548013+03
c9491da3-f525-496a-8ac7-93d52a0b4275	Croatia	HR	+385	2025-07-20 10:00:54.57182+03	2025-07-20 10:00:54.571849+03
327d7549-3b36-42e4-9c82-f235b63f12e9	Cyprus	CY	+357	2025-07-20 10:00:54.590303+03	2025-07-20 10:00:54.590324+03
be3a90c1-9d2b-4f93-82d0-7c45b50e2ea9	Czech Republic	CZ	+420	2025-07-20 10:00:54.598189+03	2025-07-20 10:00:54.598213+03
e726287e-4cc2-4fc8-9b6a-37f80356e4b4	Denmark	DK	+45	2025-07-20 10:00:54.61255+03	2025-07-20 10:00:54.612609+03
b700c11e-c3b9-466f-9f3b-e74953ebba68	Estonia	EE	+372	2025-07-20 10:00:54.62294+03	2025-07-20 10:00:54.622988+03
31a0d891-ee98-4bf3-a260-6f8461d5a32d	Finland	FI	+358	2025-07-20 10:00:54.634753+03	2025-07-20 10:00:54.634829+03
95a376eb-3342-404a-b08a-f11ab83428ee	France	FR	+33	2025-07-20 10:00:54.642225+03	2025-07-20 10:00:54.642245+03
7d3b3baa-bda0-43f9-9c65-6757f1230060	Georgia	GE	+995	2025-07-20 10:00:54.660274+03	2025-07-20 10:00:54.660303+03
14375903-4889-4390-b25e-bb71eaeac717	Germany	DE	+49	2025-07-20 10:00:54.687024+03	2025-07-20 10:00:54.687042+03
d20686bb-d396-46d9-bfb4-19f69f9477ba	Greece	GR	+30	2025-07-20 10:00:54.698933+03	2025-07-20 10:00:54.698954+03
4bdbaeee-be46-4c31-9e81-b22e1771d594	Hungary	HU	+36	2025-07-20 10:00:54.716319+03	2025-07-20 10:00:54.716338+03
58f8d420-fde5-4f52-8d14-7af46df1bdd5	Iceland	IS	+354	2025-07-20 10:00:54.734585+03	2025-07-20 10:00:54.736637+03
6f86dc6c-2342-40b3-a5ed-c51c337d915e	Ireland	IE	+353	2025-07-20 10:00:54.759899+03	2025-07-20 10:00:54.759945+03
07cd15f8-d953-4049-98af-dbb66d9a1dea	Italy	IT	+39	2025-07-20 10:00:54.778809+03	2025-07-20 10:00:54.778888+03
be398beb-dbbb-4230-a515-d1ba6e3bef04	Kazakhstan	KZ	+7	2025-07-20 10:00:54.805183+03	2025-07-20 10:00:54.805212+03
d6fa7c59-3287-4d58-8ffd-fd09a245ea42	Kosovo	XK	+383	2025-07-20 10:00:54.830817+03	2025-07-20 10:00:54.830952+03
e3519f7a-db6b-49bf-8dc2-f09a318b795a	Latvia	LV	+371	2025-07-20 10:00:54.843446+03	2025-07-20 10:00:54.843463+03
9bdeedb6-880e-4ffc-a764-c9f76b30222d	Liechtenstein	LI	+423	2025-07-20 10:00:54.856143+03	2025-07-20 10:00:54.856184+03
eb272894-f073-4ee3-9084-6148899df0e3	Lithuania	LT	+370	2025-07-20 10:00:54.86766+03	2025-07-20 10:00:54.86768+03
dc35ffda-fb10-493c-bf71-db45fa1b217c	Luxembourg	LU	+352	2025-07-20 10:00:54.888962+03	2025-07-20 10:00:54.888985+03
4f552dad-4371-467d-b287-9a2857c384f0	Malta	MT	+356	2025-07-20 10:00:54.913918+03	2025-07-20 10:00:54.913947+03
dd75f79c-a716-4e77-a8e7-42f7acb592b0	Moldova	MD	+373	2025-07-20 10:00:54.93692+03	2025-07-20 10:00:54.936964+03
895306ef-367c-4674-bdd6-bd7917d27ac6	Monaco	MC	+377	2025-07-20 10:00:54.953572+03	2025-07-20 10:00:54.953609+03
2f735919-6151-4964-a53f-c88e55f50da2	Montenegro	ME	+382	2025-07-20 10:00:54.963591+03	2025-07-20 10:00:54.963604+03
b5134c42-ea4d-4c56-ad6c-6a474bbcd469	Netherlands	NL	+31	2025-07-20 10:00:54.982011+03	2025-07-20 10:00:54.982037+03
88c3c6ef-50d1-42c8-80da-e440c78775f2	North Macedonia	MK	+389	2025-07-20 10:00:54.997134+03	2025-07-20 10:00:54.997145+03
2284a500-8cd7-4cf7-a650-265b3b904f3e	Norway	NO	+47	2025-07-20 10:00:55.010508+03	2025-07-20 10:00:55.010556+03
cff77488-5e90-44d4-bd74-79f927b99117	Poland	PL	+48	2025-07-20 10:00:55.024527+03	2025-07-20 10:00:55.024611+03
90c7b77a-09fc-467b-85c3-3cc9f275b798	Portugal	PT	+351	2025-07-20 10:00:55.045975+03	2025-07-20 10:00:55.046014+03
cc10c1de-ffee-4745-9b26-536a6f5b8fed	Romania	RO	+40	2025-07-20 10:00:55.067357+03	2025-07-20 10:00:55.067476+03
c6dfcb13-2737-4393-8ae8-37952fe95462	Russia	RU	+7	2025-07-20 10:00:55.087585+03	2025-07-20 10:00:55.087625+03
61631732-2f80-4e27-bcaf-f4004b4bc4da	San Marino	SM	+378	2025-07-20 10:00:55.1012+03	2025-07-20 10:00:55.101357+03
aa45c709-6f5e-478e-af65-e8f76f40924a	Serbia	RS	+381	2025-07-20 10:00:55.130323+03	2025-07-20 10:00:55.130381+03
f13e498a-cd0b-426c-b1b3-de542a519e43	Slovakia	SK	+421	2025-07-20 10:00:55.154817+03	2025-07-20 10:00:55.154835+03
40e69f28-1674-46fe-8400-12c1ea7c96fd	Slovenia	SI	+386	2025-07-20 10:00:55.168857+03	2025-07-20 10:00:55.169065+03
1cdb3ccd-8552-4ffc-b724-b4336a627b98	Spain	ES	+34	2025-07-20 10:00:55.187287+03	2025-07-20 10:00:55.187321+03
11c7da7d-3d08-4a35-be0e-b1e488924b55	Sweden	SE	+46	2025-07-20 10:00:55.210262+03	2025-07-20 10:00:55.210282+03
ff73e329-b4fa-47fc-ad4b-1766719f4479	Switzerland	CH	+41	2025-07-20 10:00:55.2212+03	2025-07-20 10:00:55.221229+03
3e05b2dc-b9c6-434b-b579-3870ef8f93b2	Turkey	TR	+90	2025-07-20 10:00:55.248156+03	2025-07-20 10:00:55.248185+03
055d37fe-1904-42e7-bc4f-b621b4274441	Ukraine	UA	+380	2025-07-20 10:00:55.268221+03	2025-07-20 10:00:55.26828+03
d2783e13-80e6-4436-bad5-0b7d967f8482	United Kingdom	GB	+44	2025-07-20 10:00:55.297081+03	2025-07-20 10:00:55.297112+03
b62a2c4f-1f19-4351-bcea-c2ef15d5aed7	Vatican City	VA	+39	2025-07-20 10:00:55.313028+03	2025-07-20 10:00:55.313054+03
a17585bd-6171-4359-a05a-fda03933a981	Afghanistan	AF	+93	2025-07-20 10:00:55.334097+03	2025-07-20 10:00:55.334183+03
2a2d34b1-8456-4a4a-b787-9ee68abcb160	Bangladesh	BD	+880	2025-07-20 10:00:55.342734+03	2025-07-20 10:00:55.342764+03
b422395a-37fa-48e2-b1c8-cfc2d941d648	Bhutan	BT	+975	2025-07-20 10:00:55.357792+03	2025-07-20 10:00:55.357811+03
c8434389-8e7f-40e3-82e0-006a0cdcecfd	Brunei	BN	+673	2025-07-20 10:00:55.379226+03	2025-07-20 10:00:55.379249+03
3972c890-15bc-4326-b4e5-cf715e16257d	Cambodia	KH	+855	2025-07-20 10:00:55.398552+03	2025-07-20 10:00:55.398576+03
ed6bd5ab-bd6d-45f9-9edc-82ef15153ba4	China	CN	+86	2025-07-20 10:00:55.408513+03	2025-07-20 10:00:55.408533+03
b7dd25fc-8281-4954-a43b-79679e8580d1	India	IN	+91	2025-07-20 10:00:55.425613+03	2025-07-20 10:00:55.425638+03
37ae8fff-242b-45ac-957d-6b7091dda5c9	Indonesia	ID	+62	2025-07-20 10:00:55.451458+03	2025-07-20 10:00:55.451481+03
a69ee27e-a5a0-48ef-8170-e26789a5c980	Iran	IR	+98	2025-07-20 10:00:55.471722+03	2025-07-20 10:00:55.471766+03
ea678e89-da8a-4222-9402-d310888acd83	Iraq	IQ	+964	2025-07-20 10:00:55.485545+03	2025-07-20 10:00:55.48556+03
c3e262a6-2190-4a6c-a3f3-a75874416775	Israel	IL	+972	2025-07-20 10:00:55.506246+03	2025-07-20 10:00:55.50631+03
543ea343-547d-4926-94e5-e3a8d7e48eeb	Japan	JP	+81	2025-07-20 10:00:55.519897+03	2025-07-20 10:00:55.519917+03
a73de154-55e8-4a70-b2c1-c46613a1aacd	Jordan	JO	+962	2025-07-20 10:00:55.536223+03	2025-07-20 10:00:55.536241+03
a9cca305-bcd1-4861-b967-25d1b995ee54	Kuwait	KW	+965	2025-07-20 10:00:55.559278+03	2025-07-20 10:00:55.559373+03
2fa50183-ffcd-4ead-a87f-125d60bd0d82	Kyrgyzstan	KG	+996	2025-07-20 10:00:55.579623+03	2025-07-20 10:00:55.579735+03
73b379ba-eb28-4c7d-b8ef-758c08d4dfdf	Laos	LA	+856	2025-07-20 10:00:55.599961+03	2025-07-20 10:00:55.599992+03
849b3988-8de5-4f2d-9b10-7dcd8aacbfc4	Lebanon	LB	+961	2025-07-20 10:00:55.627115+03	2025-07-20 10:00:55.62715+03
d00ba473-a83e-4e8f-8e08-d021f699d44a	Malaysia	MY	+60	2025-07-20 10:00:55.65287+03	2025-07-20 10:00:55.652883+03
5c909b08-9735-4326-9a73-e8f61a9a4bba	Maldives	MV	+960	2025-07-20 10:00:55.670267+03	2025-07-20 10:00:55.670295+03
86766545-2d1c-41fd-b2a0-dc48750fd9da	Mongolia	MN	+976	2025-07-20 10:00:55.691253+03	2025-07-20 10:00:55.691329+03
b5124846-67c2-4257-bd31-56668602c9a2	Myanmar	MM	+95	2025-07-20 10:00:55.711513+03	2025-07-20 10:00:55.711595+03
3da4729d-5dcd-482c-9d14-beb2ec40b963	Nepal	NP	+977	2025-07-20 10:00:55.731128+03	2025-07-20 10:00:55.731148+03
7a7c8bb9-120e-4dca-9abc-5cb84e215806	North Korea	KP	+850	2025-07-20 10:00:55.741338+03	2025-07-20 10:00:55.741365+03
90854180-88ee-4918-982b-d756eaed4004	Oman	OM	+968	2025-07-20 10:00:55.758084+03	2025-07-20 10:00:55.758125+03
35182a81-c177-4e45-93eb-82efd6f972ec	Pakistan	PK	+92	2025-07-20 10:00:55.776609+03	2025-07-20 10:00:55.776652+03
6caab551-d4d1-472c-9877-c19dac7c43fe	Palestine	PS	+970	2025-07-20 10:00:55.789002+03	2025-07-20 10:00:55.789092+03
56af30ab-93f9-4c3e-9f7a-8697276e388a	Philippines	PH	+63	2025-07-20 10:00:55.807307+03	2025-07-20 10:00:55.807339+03
09f7e112-b4af-423d-8a33-f30ef0c0fe43	Qatar	QA	+974	2025-07-20 10:00:55.820758+03	2025-07-20 10:00:55.820785+03
183d30d4-52e0-4e3f-8df1-acee06180aa3	Saudi Arabia	SA	+966	2025-07-20 10:00:55.840011+03	2025-07-20 10:00:55.840139+03
fd2f7762-95aa-4c7c-86ad-8506349cc8aa	Singapore	SG	+65	2025-07-20 10:00:55.85334+03	2025-07-20 10:00:55.853363+03
4266d238-6da1-4018-a543-e41bc9d90cbd	South Korea	KR	+82	2025-07-20 10:00:55.863545+03	2025-07-20 10:00:55.863557+03
71ca72da-bf7b-4692-bdd8-b385129ef8ee	Sri Lanka	LK	+94	2025-07-20 10:00:55.876205+03	2025-07-20 10:00:55.876261+03
80f48592-e278-44b7-a18f-d622e9e8c897	Syria	SY	+963	2025-07-20 10:00:55.88913+03	2025-07-20 10:00:55.88923+03
597a6b4e-91cc-4993-8fbe-448fd4ed8bd6	Tajikistan	TJ	+992	2025-07-20 10:00:55.910052+03	2025-07-20 10:00:55.910075+03
edbc4236-3695-4473-824b-e098f8d3de0b	Thailand	TH	+66	2025-07-20 10:00:55.919731+03	2025-07-20 10:00:55.919751+03
8fd82e9f-8926-4bd4-b924-27286289228d	Timor-Leste	TL	+670	2025-07-20 10:00:55.931038+03	2025-07-20 10:00:55.931081+03
43203650-77cf-46c2-b4b9-50360f382ba3	Turkmenistan	TM	+993	2025-07-20 10:00:55.945142+03	2025-07-20 10:00:55.945174+03
75a4dfdc-132a-4fe1-a62b-ecea01420ff9	United Arab Emirates	AE	+971	2025-07-20 10:00:55.959496+03	2025-07-20 10:00:55.959518+03
4b9ccf6e-af66-45c2-8ad0-636146228a8c	Uzbekistan	UZ	+998	2025-07-20 10:00:55.977579+03	2025-07-20 10:00:55.977611+03
c4997d60-35dc-4c42-9084-596008189934	Vietnam	VN	+84	2025-07-20 10:00:55.999808+03	2025-07-20 10:00:55.999832+03
400083a7-fcfc-47bf-a836-489fa7424702	Yemen	YE	+967	2025-07-20 10:00:56.009546+03	2025-07-20 10:00:56.009577+03
89ea45d9-b101-490f-b638-399c00a8255b	Algeria	DZ	+213	2025-07-20 10:00:56.023776+03	2025-07-20 10:00:56.023925+03
a2a4f1d4-108d-4be9-9186-623849208e0f	Angola	AO	+244	2025-07-20 10:00:56.045204+03	2025-07-20 10:00:56.045237+03
545a9177-674c-4e69-b378-69b27868127b	Benin	BJ	+229	2025-07-20 10:00:56.071242+03	2025-07-20 10:00:56.071269+03
30e6385a-ebea-4229-8738-08b96a9d8acf	Botswana	BW	+267	2025-07-20 10:00:56.09055+03	2025-07-20 10:00:56.090579+03
642a9e9e-e321-4226-9ddd-60e25b025257	Burkina Faso	BF	+226	2025-07-20 10:00:56.11088+03	2025-07-20 10:00:56.111066+03
e971d0ca-a332-49d5-865f-ea4cce20aec5	Burundi	BI	+257	2025-07-20 10:00:56.138233+03	2025-07-20 10:00:56.138262+03
08bbd068-3260-4c0f-b1a4-1879f8827f44	Cameroon	CM	+237	2025-07-20 10:00:56.158596+03	2025-07-20 10:00:56.158886+03
f3622f61-b8ed-40ec-892c-a4c56ed8263e	Cape Verde	CV	+238	2025-07-20 10:00:56.181099+03	2025-07-20 10:00:56.181125+03
aaa17d7f-ba1e-449c-9440-4c1067cf7f19	Central African Republic	CF	+236	2025-07-20 10:00:56.206625+03	2025-07-20 10:00:56.206655+03
63b619ea-999c-4e98-b713-8b78806271c4	Chad	TD	+235	2025-07-20 10:00:56.226388+03	2025-07-20 10:00:56.226679+03
15b12090-0a25-4365-a461-c6e49e34cad5	Comoros	KM	+269	2025-07-20 10:00:56.242764+03	2025-07-20 10:00:56.242777+03
86154d06-ca2c-4ec9-9487-cc30049c8346	Congo	CG	+242	2025-07-20 10:00:56.252435+03	2025-07-20 10:00:56.25246+03
bb4b6804-41d9-4ee0-ad89-8a50ed597b5d	Democratic Republic of Congo	CD	+243	2025-07-20 10:00:56.270763+03	2025-07-20 10:00:56.270789+03
916fa2ba-c01a-4941-8b3f-d2275be3d622	Djibouti	DJ	+253	2025-07-20 10:00:56.291042+03	2025-07-20 10:00:56.291078+03
a68e63bd-80bb-46ec-bee5-2d3473ea42c2	Egypt	EG	+20	2025-07-20 10:00:56.307228+03	2025-07-20 10:00:56.30724+03
489bc545-cd88-4512-809e-5b95df548b24	Equatorial Guinea	GQ	+240	2025-07-20 10:00:56.327176+03	2025-07-20 10:00:56.327306+03
afd536af-2e13-4b4b-b617-1bf1c0f0a48b	Eritrea	ER	+291	2025-07-20 10:00:56.34468+03	2025-07-20 10:00:56.344704+03
62f50e8e-2c9e-4fef-b4df-c7b4172b2f03	Eswatini	SZ	+268	2025-07-20 10:00:56.360532+03	2025-07-20 10:00:56.360554+03
5d71b8f9-73a9-4365-a6f9-d7da4070d4d7	Ethiopia	ET	+251	2025-07-20 10:00:56.376589+03	2025-07-20 10:00:56.376601+03
086ceba3-2aca-4f8b-a9fc-bebdf11f8170	Gabon	GA	+241	2025-07-20 10:00:56.383763+03	2025-07-20 10:00:56.383775+03
75db55a6-b868-4d98-80a9-549cb68959fa	Gambia	GM	+220	2025-07-20 10:00:56.400776+03	2025-07-20 10:00:56.400832+03
05f56ea7-fc1a-4e9b-8fab-03b3415f0484	Ghana	GH	+233	2025-07-20 10:00:56.422735+03	2025-07-20 10:00:56.422851+03
2e1b1a0c-9998-42eb-8a8d-1bed86473f73	Guinea	GN	+224	2025-07-20 10:00:56.442184+03	2025-07-20 10:00:56.442281+03
8b3df0cf-f1b1-4928-9808-1c841520f2ca	Guinea-Bissau	GW	+245	2025-07-20 10:00:56.455437+03	2025-07-20 10:00:56.455459+03
21f0d001-73b7-4828-a0bc-b6b967c45c7f	Ivory Coast	CI	+225	2025-07-20 10:00:56.476785+03	2025-07-20 10:00:56.476813+03
c40f9e90-8c3d-4c05-8fa3-5a87c669ba2f	Kenya	KE	+254	2025-07-20 10:00:56.485553+03	2025-07-20 10:00:56.485587+03
18a858c9-7adf-480b-9365-6ef5cf9df73a	Lesotho	LS	+266	2025-07-20 10:00:56.501781+03	2025-07-20 10:00:56.501795+03
ef3788d5-7659-4b6f-82af-426bab925305	Liberia	LR	+231	2025-07-20 10:00:56.52102+03	2025-07-20 10:00:56.521056+03
bc171899-8ad1-463a-a182-65e668745f7d	Libya	LY	+218	2025-07-20 10:00:56.528169+03	2025-07-20 10:00:56.528186+03
4d1a8b40-db12-496c-a727-486b0d03ae4a	Madagascar	MG	+261	2025-07-20 10:00:56.542887+03	2025-07-20 10:00:56.542918+03
c482ce90-add7-461d-ba1a-2ca007edbf40	Malawi	MW	+265	2025-07-20 10:00:56.551136+03	2025-07-20 10:00:56.551151+03
44d478f2-1949-44c6-964a-5fce67003bbf	Mali	ML	+223	2025-07-20 10:00:56.575485+03	2025-07-20 10:00:56.575523+03
d6770ab5-61a9-4810-ac9c-367821f738b2	Mauritania	MR	+222	2025-07-20 10:00:56.590758+03	2025-07-20 10:00:56.590781+03
145f106a-1a90-4b22-ad54-6c475bfd3826	Mauritius	MU	+230	2025-07-20 10:00:56.611299+03	2025-07-20 10:00:56.611317+03
3d3fbfc3-da07-4e63-be2e-5a8a18325983	Morocco	MA	+212	2025-07-20 10:00:56.619149+03	2025-07-20 10:00:56.619172+03
896d04a5-6853-4bf9-a5e6-62ca197300f7	Mozambique	MZ	+258	2025-07-20 10:00:56.640582+03	2025-07-20 10:00:56.640607+03
1c6f29ad-2973-4fef-9419-fff2c691dace	Namibia	NA	+264	2025-07-20 10:00:56.668003+03	2025-07-20 10:00:56.668035+03
14702861-cf3c-4ea1-bf79-8df352591c4f	Niger	NE	+227	2025-07-20 10:00:56.688228+03	2025-07-20 10:00:56.688251+03
3fe1e3e8-636b-4146-9574-6adecc41315b	Nigeria	NG	+234	2025-07-20 10:00:56.695316+03	2025-07-20 10:00:56.695336+03
09e49d3b-b415-4f8c-b9a5-bf57a964b0f3	Rwanda	RW	+250	2025-07-20 10:00:56.707934+03	2025-07-20 10:00:56.707968+03
3daa95d1-e880-4959-ba07-d6d784b1ecf4	Sao Tome and Principe	ST	+239	2025-07-20 10:00:56.721268+03	2025-07-20 10:00:56.721284+03
4346d3e4-5f3c-497b-8f1d-8b48da54dffb	Senegal	SN	+221	2025-07-20 10:00:56.735847+03	2025-07-20 10:00:56.735867+03
f68fb93a-3a6a-4f2b-a594-e193706c3ed5	Seychelles	SC	+248	2025-07-20 10:00:56.757865+03	2025-07-20 10:00:56.757895+03
8d75c5b9-58ca-43be-89e8-fa9ae4c400c3	Sierra Leone	SL	+232	2025-07-20 10:00:56.774461+03	2025-07-20 10:00:56.774535+03
010a5391-846b-4a67-bb48-7f99475a33dc	Somalia	SO	+252	2025-07-20 10:00:56.78828+03	2025-07-20 10:00:56.788303+03
8cb2ee34-e9b0-470d-9560-4aefb26234ab	South Africa	ZA	+27	2025-07-20 10:00:56.798372+03	2025-07-20 10:00:56.798522+03
cbddb58f-1974-43af-91c6-d8bf7866c795	South Sudan	SS	+211	2025-07-20 10:00:56.820441+03	2025-07-20 10:00:56.820477+03
bed54143-d038-474b-b9a2-d177187b3fd5	Sudan	SD	+249	2025-07-20 10:00:56.833059+03	2025-07-20 10:00:56.833086+03
9586e2ad-6053-4a26-9751-a5dc8fc8bb1b	Tanzania	TZ	+255	2025-07-20 10:00:56.852921+03	2025-07-20 10:00:56.852972+03
bd00ba34-7dfe-4b11-83d2-26c19791956a	Togo	TG	+228	2025-07-20 10:00:56.869418+03	2025-07-20 10:00:56.869442+03
74efc8ba-fcb3-46ab-8d84-df4b203522dc	Tunisia	TN	+216	2025-07-20 10:00:56.884568+03	2025-07-20 10:00:56.884607+03
fecd2c16-f1bc-46ff-b7b1-58db4dc6aa04	Uganda	UG	+256	2025-07-20 10:00:56.905661+03	2025-07-20 10:00:56.905691+03
56fa398c-d01f-44a7-8472-cd72e7894643	Zambia	ZM	+260	2025-07-20 10:00:56.926345+03	2025-07-20 10:00:56.926692+03
c8a7f88a-6e20-4821-9b90-b138b9a156d8	Zimbabwe	ZW	+263	2025-07-20 10:00:56.950389+03	2025-07-20 10:00:56.950425+03
884e0fcd-35a1-4de5-9520-14ddb3e01840	Antigua and Barbuda	AG	+1	2025-07-20 10:00:56.962769+03	2025-07-20 10:00:56.962924+03
fd236fcd-5a44-4f66-80ef-981c34e66662	Bahamas	BS	+1	2025-07-20 10:00:56.972288+03	2025-07-20 10:00:56.972307+03
6b8ed207-c944-4986-92f7-95edbef487ed	Barbados	BB	+1	2025-07-20 10:00:56.988868+03	2025-07-20 10:00:56.988923+03
041ceb4c-66b3-4f17-a5db-cad58f2457a6	Belize	BZ	+501	2025-07-20 10:00:57.012132+03	2025-07-20 10:00:57.01223+03
dc7aba42-98dd-43ba-90c4-3eb356a8899b	Canada	CA	+1	2025-07-20 10:00:57.033688+03	2025-07-20 10:00:57.033716+03
d0b60614-1f4a-4858-8cbb-d1673f28c2e6	Costa Rica	CR	+506	2025-07-20 10:00:57.058153+03	2025-07-20 10:00:57.058174+03
190143f2-d48d-4302-80fc-151235d9f396	Cuba	CU	+53	2025-07-20 10:00:57.073523+03	2025-07-20 10:00:57.073535+03
c0ca33fa-4c9a-4507-970d-a23271c1dfe6	Dominica	DM	+1	2025-07-20 10:00:57.082914+03	2025-07-20 10:00:57.082927+03
990ee7f6-3ce1-4fd6-abc4-dec5880941e5	Dominican Republic	DO	+1	2025-07-20 10:00:57.105367+03	2025-07-20 10:00:57.10544+03
63e29d37-528e-4103-a973-6d34e8ad4908	El Salvador	SV	+503	2025-07-20 10:00:57.124632+03	2025-07-20 10:00:57.124663+03
889083fb-dd9d-4b1d-9f38-423c1e6afa40	Grenada	GD	+1	2025-07-20 10:00:57.14395+03	2025-07-20 10:00:57.14397+03
89323f0c-d7b3-45dd-839e-45c69bfb859c	Guatemala	GT	+502	2025-07-20 10:00:57.157919+03	2025-07-20 10:00:57.157943+03
fb7eb854-ce4a-4676-91d7-e434391d4be2	Haiti	HT	+509	2025-07-20 10:00:57.178307+03	2025-07-20 10:00:57.178342+03
93ec7fce-fa35-404e-a9ef-e33453d0dbf9	Honduras	HN	+504	2025-07-20 10:00:57.211822+03	2025-07-20 10:00:57.211834+03
386a6d9f-68b2-40c3-8e22-4ed608522d06	Jamaica	JM	+1	2025-07-20 10:00:57.240012+03	2025-07-20 10:00:57.240025+03
6149d5e4-147b-4464-b81a-e8294f91a262	Mexico	MX	+52	2025-07-20 10:00:57.252448+03	2025-07-20 10:00:57.252479+03
4de2dd47-4cc1-469f-ac12-50a84e6480b7	Nicaragua	NI	+505	2025-07-20 10:00:57.277344+03	2025-07-20 10:00:57.277474+03
91f77779-a97f-4f45-8b9c-3346e4dc7122	Panama	PA	+507	2025-07-20 10:00:57.298865+03	2025-07-20 10:00:57.298897+03
917d3912-9bb6-43ad-869e-fe2cbbada9c6	Saint Kitts and Nevis	KN	+1	2025-07-20 10:00:57.318871+03	2025-07-20 10:00:57.31891+03
133a6ee8-fc92-4e71-b352-cadab6ef9f61	Saint Lucia	LC	+1	2025-07-20 10:00:57.333692+03	2025-07-20 10:00:57.333749+03
d6f07b5c-d3b2-46df-a8f4-cf2794667dd6	Saint Vincent and the Grenadines	VC	+1	2025-07-20 10:00:57.35637+03	2025-07-20 10:00:57.356439+03
d8cb1b14-06e7-4db8-bab3-916a64378887	Trinidad and Tobago	TT	+1	2025-07-20 10:00:57.375687+03	2025-07-20 10:00:57.375726+03
691260a7-2f92-4e1b-a6c0-0c1038395489	United States	US	+1	2025-07-20 10:00:57.387454+03	2025-07-20 10:00:57.387476+03
c58affb4-d100-4a1e-a83b-abdc544c3efb	Argentina	AR	+54	2025-07-20 10:00:57.410015+03	2025-07-20 10:00:57.41013+03
2434921d-3925-42e2-a77d-c975c4da3e1f	Bolivia	BO	+591	2025-07-20 10:00:57.431295+03	2025-07-20 10:00:57.431327+03
32904b40-4dcb-4fd8-b603-0966eb9b2ec3	Brazil	BR	+55	2025-07-20 10:00:57.439597+03	2025-07-20 10:00:57.439646+03
a7f12ac2-33e5-4616-af64-0b34add0a36c	Chile	CL	+56	2025-07-20 10:00:57.466685+03	2025-07-20 10:00:57.466798+03
cf173ab2-52d1-452c-9511-43dbfef0641a	Colombia	CO	+57	2025-07-20 10:00:57.485371+03	2025-07-20 10:00:57.485418+03
41907862-2f8d-4d3d-84d1-0a1acad9cee0	Ecuador	EC	+593	2025-07-20 10:00:57.498319+03	2025-07-20 10:00:57.498389+03
ab72ed9f-0e33-40e1-90f8-f862531c60d8	Guyana	GY	+592	2025-07-20 10:00:57.521865+03	2025-07-20 10:00:57.521943+03
e8254256-b21a-4cfc-99db-5cce551b6d8d	Paraguay	PY	+595	2025-07-20 10:00:57.545338+03	2025-07-20 10:00:57.545378+03
26b01939-9bc2-4065-b4d7-e03540f65a46	Peru	PE	+51	2025-07-20 10:00:57.56357+03	2025-07-20 10:00:57.563616+03
5d148fef-f914-4174-beb7-fee0a1577f2c	Suriname	SR	+597	2025-07-20 10:00:57.572587+03	2025-07-20 10:00:57.572606+03
26afdc66-9994-46c3-98d7-d83ced93dffd	Uruguay	UY	+598	2025-07-20 10:00:57.584215+03	2025-07-20 10:00:57.584227+03
51f2cb66-936d-4834-8989-860e6b387f53	Venezuela	VE	+58	2025-07-20 10:00:57.60138+03	2025-07-20 10:00:57.601511+03
0ec48937-bb72-4002-955d-e65b275ebeda	Australia	AU	+61	2025-07-20 10:00:57.625032+03	2025-07-20 10:00:57.625084+03
b3b1c872-cdaa-4271-8dcf-bcc3f0c8e3ba	Fiji	FJ	+679	2025-07-20 10:00:57.651778+03	2025-07-20 10:00:57.6518+03
e4c9bd89-81cc-40b8-990e-41f4546dfbfb	Kiribati	KI	+686	2025-07-20 10:00:57.670532+03	2025-07-20 10:00:57.670556+03
6dd36807-398f-48f3-9ac0-5199fe8b77c2	Marshall Islands	MH	+692	2025-07-20 10:00:57.682266+03	2025-07-20 10:00:57.682284+03
ff00bfb8-88c3-44ea-ac55-9ae1bd5899ae	Micronesia	FM	+691	2025-07-20 10:00:57.738088+03	2025-07-20 10:00:57.738102+03
47e34797-032d-4435-9fdf-ff8853c8f09c	Nauru	NR	+674	2025-07-20 10:00:57.783427+03	2025-07-20 10:00:57.783443+03
08d4b9f0-d213-4aed-809c-e1f10d630c33	New Zealand	NZ	+64	2025-07-20 10:00:57.90094+03	2025-07-20 10:00:57.900978+03
05fa72f3-ae79-40ce-a57f-b555b7debe1c	Palau	PW	+680	2025-07-20 10:00:57.949424+03	2025-07-20 10:00:57.949455+03
ee3dca07-3096-4c49-826c-7f025b6e8e41	Papua New Guinea	PG	+675	2025-07-20 10:00:57.968375+03	2025-07-20 10:00:57.96846+03
6cb46405-4bd8-46b3-976a-eba0973403b2	Samoa	WS	+685	2025-07-20 10:00:57.983669+03	2025-07-20 10:00:57.983858+03
0233850a-70a3-491e-9cda-86f5bdbb5308	Solomon Islands	SB	+677	2025-07-20 10:00:58.004548+03	2025-07-20 10:00:58.004602+03
67584df5-ac9a-4562-96ed-3c489758d03f	Tonga	TO	+676	2025-07-20 10:00:58.018575+03	2025-07-20 10:00:58.018651+03
29c0c046-68c7-4aee-b1c4-1d6f8d153bc9	Tuvalu	TV	+688	2025-07-20 10:00:58.041628+03	2025-07-20 10:00:58.041642+03
9c93a7b5-995b-45cc-af7a-9832858f8bbb	Vanuatu	VU	+678	2025-07-20 10:00:58.053192+03	2025-07-20 10:00:58.053233+03
b8346538-b0a0-43f6-929e-5b137bd08a8d	Hong Kong	HK	+852	2025-07-20 10:00:58.077151+03	2025-07-20 10:00:58.077187+03
cf53539b-aad9-40a4-a913-e5cbfbd4610d	Macao	MO	+853	2025-07-20 10:00:58.101363+03	2025-07-20 10:00:58.101652+03
c656f9d6-59be-4365-bc63-5e79a0e53a89	Taiwan	TW	+886	2025-07-20 10:00:58.11534+03	2025-07-20 10:00:58.115354+03
5605e6e8-f4f2-4b8a-9fb7-3e6bcdc96972	Puerto Rico	PR	+1	2025-07-20 10:00:58.127663+03	2025-07-20 10:00:58.127729+03
d1d3d1f4-e06e-4319-b5ee-39eedb797263	Greenland	GL	+299	2025-07-20 10:00:58.139745+03	2025-07-20 10:00:58.139803+03
f01e7766-6e00-47e5-8667-6d6f9770cce4	Faroe Islands	FO	+298	2025-07-20 10:00:58.167838+03	2025-07-20 10:00:58.167858+03
\.


--
-- Data for Name: authentication_customuser; Type: TABLE DATA; Schema: public; Owner: postgres
--

COPY public.authentication_customuser (password, last_login, is_superuser, id, email, first_name, last_name, phone_number, role, is_verified, is_active, is_staff, last_login_at, refresh_token, created_at, updated_at, country_id, preferred_currency_id, is_api_user) FROM stdin;
pbkdf2_sha256$600000$2f5omZDz4fjai1jxlSLksZ$Nz1yqVRAOJ6/OOj+Pr8n5ja4vzXt++yeKMm/+r/tLss=	2025-07-20 17:26:53.767657+03	f	b4e6a627-e1ec-4556-9aee-c18762317b25	albertinengingan@gmail.com	Albertine	Nginga	+254713454529	user	t	t	f	\N	\N	2025-07-20 10:27:58.957306+03	2025-07-20 10:28:50.66852+03	c40f9e90-8c3d-4c05-8fa3-5a87c669ba2f	1895ee6d-11bf-4a11-b47c-5a5f10553f9d	f
pbkdf2_sha256$600000$kC8hQC9rlCXoJSREPd7PC4$0UryDjWjpc62YKskQo2j8udPPvDySGYackkeVNH7E5w=	2025-07-20 17:33:47.932378+03	t	24ec5122-db85-4471-9c00-bee5120d45ed	ayaraerick@gmail.com	Erick	Ayara	\N	admin	t	t	t	\N	\N	2025-07-20 10:03:34.8288+03	2025-07-20 10:03:34.828961+03	\N	\N	f
\.


--
-- Data for Name: authentication_customuser_groups; Type: TABLE DATA; Schema: public; Owner: postgres
--

COPY public.authentication_customuser_groups (id, customuser_id, group_id) FROM stdin;
1	24ec5122-db85-4471-9c00-bee5120d45ed	2
2	24ec5122-db85-4471-9c00-bee5120d45ed	3
3	24ec5122-db85-4471-9c00-bee5120d45ed	4
4	24ec5122-db85-4471-9c00-bee5120d45ed	5
6	b4e6a627-e1ec-4556-9aee-c18762317b25	5
\.


--
-- Data for Name: authentication_customuser_user_permissions; Type: TABLE DATA; Schema: public; Owner: postgres
--

COPY public.authentication_customuser_user_permissions (id, customuser_id, permission_id) FROM stdin;
\.


--
-- Data for Name: authentication_documenttypemodel; Type: TABLE DATA; Schema: public; Owner: postgres
--

COPY public.authentication_documenttypemodel (id, name, code, description, is_required, is_active, display_order, icon, max_file_size_mb, allowed_extensions, created_at, updated_at) FROM stdin;
627a0f56-4b6b-4d09-8208-9b979f696ad1	Business License	business_license	Official business license or permit required to operate the business legally	t	t	1	fas fa-certificate	10	.pdf,.jpg,.jpeg,.png,.doc,.docx	2025-07-20 10:00:08.291265+03	2025-07-20 10:00:08.291342+03
d242db70-b5df-4c84-8830-0c9102fb13ef	Business Registration	business_registration	Official business registration documents from government authorities	t	t	2	fas fa-building	10	.pdf,.jpg,.jpeg,.png,.doc,.docx	2025-07-20 10:00:08.296986+03	2025-07-20 10:00:08.296998+03
ce7b4af3-f88b-45ae-9075-eaf36952a8b5	Tax Certificate	tax_certificate	Tax registration certificate or tax identification documents	t	t	3	fas fa-receipt	10	.pdf,.jpg,.jpeg,.png,.doc,.docx	2025-07-20 10:00:08.29933+03	2025-07-20 10:00:08.299344+03
b694b492-dd8d-4c10-88e0-90fa3e66b7e3	Identity Document	identity_document	Government-issued identification document of the business owner	t	t	4	fas fa-id-card	10	.pdf,.jpg,.jpeg,.png,.doc,.docx	2025-07-20 10:00:08.302287+03	2025-07-20 10:00:08.302301+03
2a619a4d-75e5-4f47-881d-de3d543ab391	Bank Statement	bank_statement	Recent bank statements for financial verification	f	t	5	fas fa-university	10	.pdf,.jpg,.jpeg,.png,.doc,.docx	2025-07-20 10:00:08.307669+03	2025-07-20 10:00:08.3077+03
4fb52e37-d8a3-47f7-b3a6-2a5e3c127e60	Utility Bill	utility_bill	Recent utility bill for address verification	f	t	6	fas fa-file-invoice	10	.pdf,.jpg,.jpeg,.png,.doc,.docx	2025-07-20 10:00:08.315441+03	2025-07-20 10:00:08.315486+03
11b5ee0c-2254-43da-b710-07729377a92b	Insurance Certificate	insurance_certificate	Business insurance certificate or policy documents	f	t	7	fas fa-shield-alt	10	.pdf,.jpg,.jpeg,.png,.doc,.docx	2025-07-20 10:00:08.321362+03	2025-07-20 10:00:08.321473+03
f4ade87b-8175-427c-9e69-3919be47e06f	Financial Statement	financial_statement	Business financial statements or accounting records	f	t	8	fas fa-chart-bar	10	.pdf,.jpg,.jpeg,.png,.doc,.docx	2025-07-20 10:00:08.3313+03	2025-07-20 10:00:08.331326+03
8864f0ae-03b7-4e58-97e0-b2bdbdbf7262	Other	other	Other supporting documents not covered by specific categories	f	t	9	fas fa-file	10	.pdf,.jpg,.jpeg,.png,.doc,.docx	2025-07-20 10:00:08.335891+03	2025-07-20 10:00:08.33591+03
\.


--
-- Data for Name: authentication_emailotp; Type: TABLE DATA; Schema: public; Owner: postgres
--

COPY public.authentication_emailotp (id, otp_code, purpose, is_used, expires_at, created_at, used_at, user_id) FROM stdin;
ad968518-9630-42b2-aadd-10abdd2807b4	196421	registration	t	2025-07-20 10:42:59.411631+03	2025-07-20 10:27:59.413109+03	\N	b4e6a627-e1ec-4556-9aee-c18762317b25
\.


--
-- Data for Name: authentication_merchant; Type: TABLE DATA; Schema: public; Owner: postgres
--

COPY public.authentication_merchant (id, business_name, business_registration_number, business_address, business_phone, business_email, website_url, description, status, is_verified, verification_notes, verified_at, bank_account_name, bank_account_number, bank_name, bank_routing_number, created_at, updated_at, category_id, user_id, verified_by_id) FROM stdin;
5ffc465c-af42-4921-a26f-dcb3d382d422	Erick Ayara's Business	\N			ayaraerick@gmail.com	\N	Automatically created merchant account for Erick Ayara	pending	f		\N					2025-07-20 10:03:34.924323+03	2025-07-20 10:03:34.924346+03	\N	24ec5122-db85-4471-9c00-bee5120d45ed	\N
dbec380c-071d-4991-ae97-79c96aea6f50	Adoe	\N				\N		pending_verification	f		\N					2025-07-20 10:27:59.389945+03	2025-07-20 10:27:59.389969+03	2cfced2f-e023-4bf8-a97c-d8500fff5043	b4e6a627-e1ec-4556-9aee-c18762317b25	\N
\.


--
-- Data for Name: authentication_merchantcategory; Type: TABLE DATA; Schema: public; Owner: postgres
--

COPY public.authentication_merchantcategory (id, name, code, description, is_active, created_at, updated_at) FROM stdin;
2cfced2f-e023-4bf8-a97c-d8500fff5043	Information Tech	information-tech	Information Technology	t	2025-07-20 10:25:52.695367+03	2025-07-20 10:25:52.695389+03
\.


--
-- Data for Name: authentication_merchantdocument; Type: TABLE DATA; Schema: public; Owner: postgres
--

COPY public.authentication_merchantdocument (id, document_type, document_file, original_filename, title, description, status, is_required, expiry_date, verification_notes, verified_at, file_size, file_type, uploaded_at, updated_at, merchant_id, verified_by_id) FROM stdin;
\.


--
-- Data for Name: authentication_notification; Type: TABLE DATA; Schema: public; Owner: postgres
--

COPY public.authentication_notification (id, title, message, type, priority, action_url, action_text, is_read, is_dismissed, read_at, expires_at, created_at, updated_at, user_id) FROM stdin;
7360a3d8-8699-40d9-b692-f76bcb8b5030	Complete Your Business Information	You have 5 missing items in your business profile: Business Address, Business Phone, Business Email.... Complete your profile to improve verification chances.	reminder	high	/dashboard/merchant/profile/	Complete Profile	t	f	2025-07-20 10:31:39.542752+03	\N	2025-07-20 10:29:22.270732+03	2025-07-20 10:29:22.270754+03	b4e6a627-e1ec-4556-9aee-c18762317b25
57e2e5c9-5294-4da9-9f08-84d949aa90af	Complete Your Business Information	You have 5 missing items in your business profile: Business Address, Business Phone, Business Email.... Complete your profile to improve verification chances.	reminder	high	/dashboard/merchant/profile/	Complete Profile	f	f	\N	\N	2025-07-20 17:24:41.703408+03	2025-07-20 17:24:41.703428+03	b4e6a627-e1ec-4556-9aee-c18762317b25
\.


--
-- Data for Name: authentication_preferredcurrency; Type: TABLE DATA; Schema: public; Owner: postgres
--

COPY public.authentication_preferredcurrency (id, name, code, symbol, is_active, created_at, updated_at) FROM stdin;
1895ee6d-11bf-4a11-b47c-5a5f10553f9d	United States Dollar	USD	$	t	2025-07-19 09:17:02+03	2025-07-20 10:25:03.630446+03
177732c1-a7d4-4797-92ee-8e6e581a3819	Euro	EUR		t	2025-07-19 09:17:02+03	2025-07-20 10:25:03.637966+03
\.


--
-- Data for Name: authentication_rolegroup; Type: TABLE DATA; Schema: public; Owner: postgres
--

COPY public.authentication_rolegroup (id, role, created_at, updated_at) FROM stdin;
\.


--
-- Data for Name: authentication_rolegroup_groups; Type: TABLE DATA; Schema: public; Owner: postgres
--

COPY public.authentication_rolegroup_groups (id, rolegroup_id, group_id) FROM stdin;
\.


--
-- Data for Name: authentication_usersession; Type: TABLE DATA; Schema: public; Owner: postgres
--

COPY public.authentication_usersession (id, session_key, ip_address, user_agent, is_active, created_at, expires_at, user_id) FROM stdin;
\.


--
-- Data for Name: authentication_whitelabelpartner; Type: TABLE DATA; Schema: public; Owner: postgres
--

COPY public.authentication_whitelabelpartner (id, name, code, contact_email, contact_phone, website_url, business_address, business_registration_number, tax_id, allowed_domains, webhook_url, webhook_secret, daily_api_limit, monthly_api_limit, concurrent_connections_limit, is_active, is_verified, verification_notes, verified_at, created_at, updated_at, verified_by_id) FROM stdin;
4fccf524-ade3-4c7b-a298-88dbaf2f2041	Adoe	merchant_dbec380c-071d-4991-ae97-79c96aea6f50	albertinengingan@gmail.com			Not provided	AUTO-dbec380c-071d-4991-ae97-79c96aea6f50					10000	300000	100	t	f		\N	2025-07-20 10:30:33.468826+03	2025-07-20 10:30:33.468851+03	\N
\.


--
-- Data for Name: checkout_checkoutpage; Type: TABLE DATA; Schema: public; Owner: postgres
--

COPY public.checkout_checkoutpage (id, name, slug, title, description, logo, primary_color, secondary_color, background_color, min_amount, max_amount, allow_custom_amount, is_active, require_customer_info, require_billing_address, require_shipping_address, success_url, cancel_url, created_at, updated_at, currency_id, merchant_id) FROM stdin;
\.


--
-- Data for Name: checkout_checkoutsession; Type: TABLE DATA; Schema: public; Owner: postgres
--

COPY public.checkout_checkoutsession (id, session_token, amount, customer_email, customer_name, customer_phone, billing_address, shipping_address, selected_payment_method, payment_reference, status, expires_at, completed_at, metadata, created_at, updated_at, checkout_page_id, currency_id) FROM stdin;
\.


--
-- Data for Name: checkout_paymentmethodconfig; Type: TABLE DATA; Schema: public; Owner: postgres
--

COPY public.checkout_paymentmethodconfig (id, payment_method, is_enabled, display_order, gateway_config, display_name, icon_override, created_at, updated_at, checkout_page_id) FROM stdin;
\.


--
-- Data for Name: django_admin_log; Type: TABLE DATA; Schema: public; Owner: postgres
--

COPY public.django_admin_log (id, action_time, object_id, object_repr, action_flag, change_message, content_type_id, user_id) FROM stdin;
1	2025-07-20 10:25:03.669476+03	1895ee6d-11bf-4a11-b47c-5a5f10553f9d	United States Dollar (USD)	1	new through import_export	8	24ec5122-db85-4471-9c00-bee5120d45ed
2	2025-07-20 10:25:03.670165+03	177732c1-a7d4-4797-92ee-8e6e581a3819	Euro (EUR)	1	new through import_export	8	24ec5122-db85-4471-9c00-bee5120d45ed
3	2025-07-20 10:25:52.697917+03	2cfced2f-e023-4bf8-a97c-d8500fff5043	Information Tech	1	[{"added": {}}]	11	24ec5122-db85-4471-9c00-bee5120d45ed
\.


--
-- Data for Name: django_content_type; Type: TABLE DATA; Schema: public; Owner: postgres
--

COPY public.django_content_type (id, app_label, model) FROM stdin;
1	admin	logentry
2	auth	permission
3	auth	group
4	contenttypes	contenttype
5	sessions	session
6	authentication	customuser
7	authentication	country
8	authentication	preferredcurrency
9	authentication	usersession
10	authentication	rolegroup
11	authentication	merchantcategory
12	authentication	merchant
13	authentication	emailotp
14	authentication	merchantdocument
15	authentication	documenttypemodel
16	authentication	whitelabelpartner
17	authentication	appkey
18	authentication	appkeyusagelog
19	authentication	notification
20	transactions	paymentgateway
21	transactions	transaction
22	transactions	webhook
23	transactions	transactionevent
24	transactions	paymentlink
25	checkout	checkoutpage
26	checkout	checkoutsession
27	checkout	paymentmethodconfig
\.


--
-- Data for Name: django_migrations; Type: TABLE DATA; Schema: public; Owner: postgres
--

COPY public.django_migrations (id, app, name, applied) FROM stdin;
1	contenttypes	0001_initial	2025-07-20 10:00:03.126003+03
2	contenttypes	0002_remove_content_type_name	2025-07-20 10:00:03.200465+03
3	auth	0001_initial	2025-07-20 10:00:03.746031+03
4	auth	0002_alter_permission_name_max_length	2025-07-20 10:00:03.79472+03
5	auth	0003_alter_user_email_max_length	2025-07-20 10:00:03.842231+03
6	auth	0004_alter_user_username_opts	2025-07-20 10:00:03.879668+03
7	auth	0005_alter_user_last_login_null	2025-07-20 10:00:03.917288+03
8	auth	0006_require_contenttypes_0002	2025-07-20 10:00:03.940982+03
9	auth	0007_alter_validators_add_error_messages	2025-07-20 10:00:03.977142+03
10	auth	0008_alter_user_username_max_length	2025-07-20 10:00:04.029999+03
11	auth	0009_alter_user_last_name_max_length	2025-07-20 10:00:04.086017+03
12	auth	0010_alter_group_name_max_length	2025-07-20 10:00:04.152442+03
13	auth	0011_update_proxy_permissions	2025-07-20 10:00:04.20648+03
14	auth	0012_alter_user_first_name_max_length	2025-07-20 10:00:04.249354+03
15	authentication	0001_initial	2025-07-20 10:00:05.966682+03
16	admin	0001_initial	2025-07-20 10:00:06.221037+03
17	admin	0002_logentry_remove_auto_add	2025-07-20 10:00:06.278748+03
18	admin	0003_logentry_add_action_flag_choices	2025-07-20 10:00:06.35709+03
19	authentication	0002_rolegroup	2025-07-20 10:00:06.843095+03
20	authentication	0003_merchantcategory_merchant_emailotp	2025-07-20 10:00:07.543068+03
21	authentication	0004_merchantdocument	2025-07-20 10:00:07.875177+03
22	authentication	0005_add_document_type_model	2025-07-20 10:00:08.210695+03
23	authentication	0006_populate_document_types	2025-07-20 10:00:08.338901+03
24	authentication	0007_add_app_key_generation_module	2025-07-20 10:00:09.543203+03
25	authentication	0008_customuser_is_api_user	2025-07-20 10:00:09.72659+03
26	authentication	0009_add_notification_model	2025-07-20 10:00:10.132051+03
27	checkout	0001_initial	2025-07-20 10:00:11.663339+03
28	sessions	0001_initial	2025-07-20 10:00:11.905539+03
29	transactions	0001_initial	2025-07-20 10:00:16.52559+03
\.


--
-- Data for Name: django_session; Type: TABLE DATA; Schema: public; Owner: postgres
--

COPY public.django_session (session_key, session_data, expire_date) FROM stdin;
4iyuxnht6x7zzrcasafr5iwpe4j3tech	.eJxVjDsOwjAQRO_iGluOs_5R0nOGyPauSQDFKE4kEOLuJFIKKKaZeW_erAvL3HdLpakbkB2ZAkq6UYpjdJoD2Ib7JCWPRGstETQhO_xqMaQbjZuL1zBeikhlnKchig0R-1rFuSDdTzv7d9CH2q-2jpJc9GiihTbpiMrrFtCsUW0ODjQGGyxkl1ww2TWycTq3oKQk75LZTivVOpSxo-djmF7sKD9fGPxHwQ:1udV6p:r9VJBqD1O64MeFgYiSex6PrS2oUjTNxPqWMvns0r7GI	2025-08-03 17:33:47.954165+03
\.


--
-- Data for Name: transactions_paymentgateway; Type: TABLE DATA; Schema: public; Owner: postgres
--

COPY public.transactions_paymentgateway (id, name, code, description, api_endpoint, webhook_endpoint, public_key, private_key, merchant_id, supports_payments, supports_refunds, supports_payouts, supports_webhooks, supports_recurring, supported_payment_methods, supported_currencies, min_amount, max_amount, transaction_fee_percentage, transaction_fee_fixed, is_active, is_sandbox, priority, created_at, updated_at) FROM stdin;
\.


--
-- Data for Name: transactions_paymentlink; Type: TABLE DATA; Schema: public; Owner: postgres
--

COPY public.transactions_paymentlink (id, title, description, amount, is_amount_flexible, min_amount, max_amount, slug, is_active, expires_at, max_uses, current_uses, require_name, require_email, require_phone, require_address, allowed_payment_methods, success_url, cancel_url, metadata, created_at, updated_at, currency_id, merchant_id) FROM stdin;
\.


--
-- Data for Name: transactions_transaction; Type: TABLE DATA; Schema: public; Owner: postgres
--

COPY public.transactions_transaction (id, reference, external_reference, customer_email, customer_phone, transaction_type, status, payment_method, amount, fee_amount, net_amount, original_currency, original_amount, exchange_rate, description, metadata, payment_details, processed_at, completed_at, failed_at, expires_at, failure_reason, failure_code, settlement_date, settlement_reference, is_settled, ip_address, user_agent, risk_score, is_flagged, created_at, updated_at, currency_id, customer_id, gateway_id, merchant_id, parent_transaction_id) FROM stdin;
\.


--
-- Data for Name: transactions_transactionevent; Type: TABLE DATA; Schema: public; Owner: postgres
--

COPY public.transactions_transactionevent (id, event_type, old_status, new_status, description, metadata, source, created_at, transaction_id, user_id) FROM stdin;
\.


--
-- Data for Name: transactions_webhook; Type: TABLE DATA; Schema: public; Owner: postgres
--

COPY public.transactions_webhook (id, url, event_type, payload, headers, status_code, response_body, response_time_ms, attempts, max_attempts, is_delivered, delivered_at, next_attempt_at, error_message, created_at, updated_at, transaction_id) FROM stdin;
\.


--
-- Name: auth_group_id_seq; Type: SEQUENCE SET; Schema: public; Owner: postgres
--

SELECT pg_catalog.setval('public.auth_group_id_seq', 5, true);


--
-- Name: auth_group_permissions_id_seq; Type: SEQUENCE SET; Schema: public; Owner: postgres
--

SELECT pg_catalog.setval('public.auth_group_permissions_id_seq', 1, false);


--
-- Name: auth_permission_id_seq; Type: SEQUENCE SET; Schema: public; Owner: postgres
--

SELECT pg_catalog.setval('public.auth_permission_id_seq', 108, true);


--
-- Name: authentication_customuser_groups_id_seq; Type: SEQUENCE SET; Schema: public; Owner: postgres
--

SELECT pg_catalog.setval('public.authentication_customuser_groups_id_seq', 6, true);


--
-- Name: authentication_customuser_user_permissions_id_seq; Type: SEQUENCE SET; Schema: public; Owner: postgres
--

SELECT pg_catalog.setval('public.authentication_customuser_user_permissions_id_seq', 1, false);


--
-- Name: authentication_rolegroup_groups_id_seq; Type: SEQUENCE SET; Schema: public; Owner: postgres
--

SELECT pg_catalog.setval('public.authentication_rolegroup_groups_id_seq', 1, false);


--
-- Name: authentication_rolegroup_id_seq; Type: SEQUENCE SET; Schema: public; Owner: postgres
--

SELECT pg_catalog.setval('public.authentication_rolegroup_id_seq', 1, false);


--
-- Name: django_admin_log_id_seq; Type: SEQUENCE SET; Schema: public; Owner: postgres
--

SELECT pg_catalog.setval('public.django_admin_log_id_seq', 3, true);


--
-- Name: django_content_type_id_seq; Type: SEQUENCE SET; Schema: public; Owner: postgres
--

SELECT pg_catalog.setval('public.django_content_type_id_seq', 27, true);


--
-- Name: django_migrations_id_seq; Type: SEQUENCE SET; Schema: public; Owner: postgres
--

SELECT pg_catalog.setval('public.django_migrations_id_seq', 29, true);


--
-- Name: auth_group auth_group_name_key; Type: CONSTRAINT; Schema: public; Owner: postgres
--

ALTER TABLE ONLY public.auth_group
    ADD CONSTRAINT auth_group_name_key UNIQUE (name);


--
-- Name: auth_group_permissions auth_group_permissions_group_id_permission_id_0cd325b0_uniq; Type: CONSTRAINT; Schema: public; Owner: postgres
--

ALTER TABLE ONLY public.auth_group_permissions
    ADD CONSTRAINT auth_group_permissions_group_id_permission_id_0cd325b0_uniq UNIQUE (group_id, permission_id);


--
-- Name: auth_group_permissions auth_group_permissions_pkey; Type: CONSTRAINT; Schema: public; Owner: postgres
--

ALTER TABLE ONLY public.auth_group_permissions
    ADD CONSTRAINT auth_group_permissions_pkey PRIMARY KEY (id);


--
-- Name: auth_group auth_group_pkey; Type: CONSTRAINT; Schema: public; Owner: postgres
--

ALTER TABLE ONLY public.auth_group
    ADD CONSTRAINT auth_group_pkey PRIMARY KEY (id);


--
-- Name: auth_permission auth_permission_content_type_id_codename_01ab375a_uniq; Type: CONSTRAINT; Schema: public; Owner: postgres
--

ALTER TABLE ONLY public.auth_permission
    ADD CONSTRAINT auth_permission_content_type_id_codename_01ab375a_uniq UNIQUE (content_type_id, codename);


--
-- Name: auth_permission auth_permission_pkey; Type: CONSTRAINT; Schema: public; Owner: postgres
--

ALTER TABLE ONLY public.auth_permission
    ADD CONSTRAINT auth_permission_pkey PRIMARY KEY (id);


--
-- Name: authentication_appkey authentication_appkey_partner_id_name_d28dd356_uniq; Type: CONSTRAINT; Schema: public; Owner: postgres
--

ALTER TABLE ONLY public.authentication_appkey
    ADD CONSTRAINT authentication_appkey_partner_id_name_d28dd356_uniq UNIQUE (partner_id, name);


--
-- Name: authentication_appkey authentication_appkey_pkey; Type: CONSTRAINT; Schema: public; Owner: postgres
--

ALTER TABLE ONLY public.authentication_appkey
    ADD CONSTRAINT authentication_appkey_pkey PRIMARY KEY (id);


--
-- Name: authentication_appkey authentication_appkey_public_key_key; Type: CONSTRAINT; Schema: public; Owner: postgres
--

ALTER TABLE ONLY public.authentication_appkey
    ADD CONSTRAINT authentication_appkey_public_key_key UNIQUE (public_key);


--
-- Name: authentication_appkeyusagelog authentication_appkeyusagelog_pkey; Type: CONSTRAINT; Schema: public; Owner: postgres
--

ALTER TABLE ONLY public.authentication_appkeyusagelog
    ADD CONSTRAINT authentication_appkeyusagelog_pkey PRIMARY KEY (id);


--
-- Name: authentication_country authentication_country_code_key; Type: CONSTRAINT; Schema: public; Owner: postgres
--

ALTER TABLE ONLY public.authentication_country
    ADD CONSTRAINT authentication_country_code_key UNIQUE (code);


--
-- Name: authentication_country authentication_country_name_key; Type: CONSTRAINT; Schema: public; Owner: postgres
--

ALTER TABLE ONLY public.authentication_country
    ADD CONSTRAINT authentication_country_name_key UNIQUE (name);


--
-- Name: authentication_country authentication_country_pkey; Type: CONSTRAINT; Schema: public; Owner: postgres
--

ALTER TABLE ONLY public.authentication_country
    ADD CONSTRAINT authentication_country_pkey PRIMARY KEY (id);


--
-- Name: authentication_customuser_groups authentication_customuse_customuser_id_group_id_8a637646_uniq; Type: CONSTRAINT; Schema: public; Owner: postgres
--

ALTER TABLE ONLY public.authentication_customuser_groups
    ADD CONSTRAINT authentication_customuse_customuser_id_group_id_8a637646_uniq UNIQUE (customuser_id, group_id);


--
-- Name: authentication_customuser_user_permissions authentication_customuse_customuser_id_permission_923704b1_uniq; Type: CONSTRAINT; Schema: public; Owner: postgres
--

ALTER TABLE ONLY public.authentication_customuser_user_permissions
    ADD CONSTRAINT authentication_customuse_customuser_id_permission_923704b1_uniq UNIQUE (customuser_id, permission_id);


--
-- Name: authentication_customuser authentication_customuser_email_key; Type: CONSTRAINT; Schema: public; Owner: postgres
--

ALTER TABLE ONLY public.authentication_customuser
    ADD CONSTRAINT authentication_customuser_email_key UNIQUE (email);


--
-- Name: authentication_customuser_groups authentication_customuser_groups_pkey; Type: CONSTRAINT; Schema: public; Owner: postgres
--

ALTER TABLE ONLY public.authentication_customuser_groups
    ADD CONSTRAINT authentication_customuser_groups_pkey PRIMARY KEY (id);


--
-- Name: authentication_customuser authentication_customuser_pkey; Type: CONSTRAINT; Schema: public; Owner: postgres
--

ALTER TABLE ONLY public.authentication_customuser
    ADD CONSTRAINT authentication_customuser_pkey PRIMARY KEY (id);


--
-- Name: authentication_customuser_user_permissions authentication_customuser_user_permissions_pkey; Type: CONSTRAINT; Schema: public; Owner: postgres
--

ALTER TABLE ONLY public.authentication_customuser_user_permissions
    ADD CONSTRAINT authentication_customuser_user_permissions_pkey PRIMARY KEY (id);


--
-- Name: authentication_documenttypemodel authentication_documenttypemodel_code_key; Type: CONSTRAINT; Schema: public; Owner: postgres
--

ALTER TABLE ONLY public.authentication_documenttypemodel
    ADD CONSTRAINT authentication_documenttypemodel_code_key UNIQUE (code);


--
-- Name: authentication_documenttypemodel authentication_documenttypemodel_name_key; Type: CONSTRAINT; Schema: public; Owner: postgres
--

ALTER TABLE ONLY public.authentication_documenttypemodel
    ADD CONSTRAINT authentication_documenttypemodel_name_key UNIQUE (name);


--
-- Name: authentication_documenttypemodel authentication_documenttypemodel_pkey; Type: CONSTRAINT; Schema: public; Owner: postgres
--

ALTER TABLE ONLY public.authentication_documenttypemodel
    ADD CONSTRAINT authentication_documenttypemodel_pkey PRIMARY KEY (id);


--
-- Name: authentication_emailotp authentication_emailotp_pkey; Type: CONSTRAINT; Schema: public; Owner: postgres
--

ALTER TABLE ONLY public.authentication_emailotp
    ADD CONSTRAINT authentication_emailotp_pkey PRIMARY KEY (id);


--
-- Name: authentication_merchant authentication_merchant_pkey; Type: CONSTRAINT; Schema: public; Owner: postgres
--

ALTER TABLE ONLY public.authentication_merchant
    ADD CONSTRAINT authentication_merchant_pkey PRIMARY KEY (id);


--
-- Name: authentication_merchant authentication_merchant_user_id_key; Type: CONSTRAINT; Schema: public; Owner: postgres
--

ALTER TABLE ONLY public.authentication_merchant
    ADD CONSTRAINT authentication_merchant_user_id_key UNIQUE (user_id);


--
-- Name: authentication_merchantcategory authentication_merchantcategory_code_key; Type: CONSTRAINT; Schema: public; Owner: postgres
--

ALTER TABLE ONLY public.authentication_merchantcategory
    ADD CONSTRAINT authentication_merchantcategory_code_key UNIQUE (code);


--
-- Name: authentication_merchantcategory authentication_merchantcategory_name_key; Type: CONSTRAINT; Schema: public; Owner: postgres
--

ALTER TABLE ONLY public.authentication_merchantcategory
    ADD CONSTRAINT authentication_merchantcategory_name_key UNIQUE (name);


--
-- Name: authentication_merchantcategory authentication_merchantcategory_pkey; Type: CONSTRAINT; Schema: public; Owner: postgres
--

ALTER TABLE ONLY public.authentication_merchantcategory
    ADD CONSTRAINT authentication_merchantcategory_pkey PRIMARY KEY (id);


--
-- Name: authentication_merchantdocument authentication_merchantd_merchant_id_document_typ_a83cdec4_uniq; Type: CONSTRAINT; Schema: public; Owner: postgres
--

ALTER TABLE ONLY public.authentication_merchantdocument
    ADD CONSTRAINT authentication_merchantd_merchant_id_document_typ_a83cdec4_uniq UNIQUE (merchant_id, document_type, title);


--
-- Name: authentication_merchantdocument authentication_merchantdocument_pkey; Type: CONSTRAINT; Schema: public; Owner: postgres
--

ALTER TABLE ONLY public.authentication_merchantdocument
    ADD CONSTRAINT authentication_merchantdocument_pkey PRIMARY KEY (id);


--
-- Name: authentication_notification authentication_notification_pkey; Type: CONSTRAINT; Schema: public; Owner: postgres
--

ALTER TABLE ONLY public.authentication_notification
    ADD CONSTRAINT authentication_notification_pkey PRIMARY KEY (id);


--
-- Name: authentication_preferredcurrency authentication_preferredcurrency_code_key; Type: CONSTRAINT; Schema: public; Owner: postgres
--

ALTER TABLE ONLY public.authentication_preferredcurrency
    ADD CONSTRAINT authentication_preferredcurrency_code_key UNIQUE (code);


--
-- Name: authentication_preferredcurrency authentication_preferredcurrency_name_key; Type: CONSTRAINT; Schema: public; Owner: postgres
--

ALTER TABLE ONLY public.authentication_preferredcurrency
    ADD CONSTRAINT authentication_preferredcurrency_name_key UNIQUE (name);


--
-- Name: authentication_preferredcurrency authentication_preferredcurrency_pkey; Type: CONSTRAINT; Schema: public; Owner: postgres
--

ALTER TABLE ONLY public.authentication_preferredcurrency
    ADD CONSTRAINT authentication_preferredcurrency_pkey PRIMARY KEY (id);


--
-- Name: authentication_rolegroup_groups authentication_rolegroup_groups_pkey; Type: CONSTRAINT; Schema: public; Owner: postgres
--

ALTER TABLE ONLY public.authentication_rolegroup_groups
    ADD CONSTRAINT authentication_rolegroup_groups_pkey PRIMARY KEY (id);


--
-- Name: authentication_rolegroup authentication_rolegroup_pkey; Type: CONSTRAINT; Schema: public; Owner: postgres
--

ALTER TABLE ONLY public.authentication_rolegroup
    ADD CONSTRAINT authentication_rolegroup_pkey PRIMARY KEY (id);


--
-- Name: authentication_rolegroup authentication_rolegroup_role_key; Type: CONSTRAINT; Schema: public; Owner: postgres
--

ALTER TABLE ONLY public.authentication_rolegroup
    ADD CONSTRAINT authentication_rolegroup_role_key UNIQUE (role);


--
-- Name: authentication_rolegroup_groups authentication_rolegroup_rolegroup_id_group_id_812094f0_uniq; Type: CONSTRAINT; Schema: public; Owner: postgres
--

ALTER TABLE ONLY public.authentication_rolegroup_groups
    ADD CONSTRAINT authentication_rolegroup_rolegroup_id_group_id_812094f0_uniq UNIQUE (rolegroup_id, group_id);


--
-- Name: authentication_usersession authentication_usersession_pkey; Type: CONSTRAINT; Schema: public; Owner: postgres
--

ALTER TABLE ONLY public.authentication_usersession
    ADD CONSTRAINT authentication_usersession_pkey PRIMARY KEY (id);


--
-- Name: authentication_usersession authentication_usersession_session_key_key; Type: CONSTRAINT; Schema: public; Owner: postgres
--

ALTER TABLE ONLY public.authentication_usersession
    ADD CONSTRAINT authentication_usersession_session_key_key UNIQUE (session_key);


--
-- Name: authentication_whitelabelpartner authentication_whitelabelpartner_code_key; Type: CONSTRAINT; Schema: public; Owner: postgres
--

ALTER TABLE ONLY public.authentication_whitelabelpartner
    ADD CONSTRAINT authentication_whitelabelpartner_code_key UNIQUE (code);


--
-- Name: authentication_whitelabelpartner authentication_whitelabelpartner_pkey; Type: CONSTRAINT; Schema: public; Owner: postgres
--

ALTER TABLE ONLY public.authentication_whitelabelpartner
    ADD CONSTRAINT authentication_whitelabelpartner_pkey PRIMARY KEY (id);


--
-- Name: checkout_checkoutpage checkout_checkoutpage_merchant_id_name_87d497c2_uniq; Type: CONSTRAINT; Schema: public; Owner: postgres
--

ALTER TABLE ONLY public.checkout_checkoutpage
    ADD CONSTRAINT checkout_checkoutpage_merchant_id_name_87d497c2_uniq UNIQUE (merchant_id, name);


--
-- Name: checkout_checkoutpage checkout_checkoutpage_pkey; Type: CONSTRAINT; Schema: public; Owner: postgres
--

ALTER TABLE ONLY public.checkout_checkoutpage
    ADD CONSTRAINT checkout_checkoutpage_pkey PRIMARY KEY (id);


--
-- Name: checkout_checkoutpage checkout_checkoutpage_slug_key; Type: CONSTRAINT; Schema: public; Owner: postgres
--

ALTER TABLE ONLY public.checkout_checkoutpage
    ADD CONSTRAINT checkout_checkoutpage_slug_key UNIQUE (slug);


--
-- Name: checkout_checkoutsession checkout_checkoutsession_pkey; Type: CONSTRAINT; Schema: public; Owner: postgres
--

ALTER TABLE ONLY public.checkout_checkoutsession
    ADD CONSTRAINT checkout_checkoutsession_pkey PRIMARY KEY (id);


--
-- Name: checkout_checkoutsession checkout_checkoutsession_session_token_key; Type: CONSTRAINT; Schema: public; Owner: postgres
--

ALTER TABLE ONLY public.checkout_checkoutsession
    ADD CONSTRAINT checkout_checkoutsession_session_token_key UNIQUE (session_token);


--
-- Name: checkout_paymentmethodconfig checkout_paymentmethodco_checkout_page_id_payment_6e0c41d4_uniq; Type: CONSTRAINT; Schema: public; Owner: postgres
--

ALTER TABLE ONLY public.checkout_paymentmethodconfig
    ADD CONSTRAINT checkout_paymentmethodco_checkout_page_id_payment_6e0c41d4_uniq UNIQUE (checkout_page_id, payment_method);


--
-- Name: checkout_paymentmethodconfig checkout_paymentmethodconfig_pkey; Type: CONSTRAINT; Schema: public; Owner: postgres
--

ALTER TABLE ONLY public.checkout_paymentmethodconfig
    ADD CONSTRAINT checkout_paymentmethodconfig_pkey PRIMARY KEY (id);


--
-- Name: django_admin_log django_admin_log_pkey; Type: CONSTRAINT; Schema: public; Owner: postgres
--

ALTER TABLE ONLY public.django_admin_log
    ADD CONSTRAINT django_admin_log_pkey PRIMARY KEY (id);


--
-- Name: django_content_type django_content_type_app_label_model_76bd3d3b_uniq; Type: CONSTRAINT; Schema: public; Owner: postgres
--

ALTER TABLE ONLY public.django_content_type
    ADD CONSTRAINT django_content_type_app_label_model_76bd3d3b_uniq UNIQUE (app_label, model);


--
-- Name: django_content_type django_content_type_pkey; Type: CONSTRAINT; Schema: public; Owner: postgres
--

ALTER TABLE ONLY public.django_content_type
    ADD CONSTRAINT django_content_type_pkey PRIMARY KEY (id);


--
-- Name: django_migrations django_migrations_pkey; Type: CONSTRAINT; Schema: public; Owner: postgres
--

ALTER TABLE ONLY public.django_migrations
    ADD CONSTRAINT django_migrations_pkey PRIMARY KEY (id);


--
-- Name: django_session django_session_pkey; Type: CONSTRAINT; Schema: public; Owner: postgres
--

ALTER TABLE ONLY public.django_session
    ADD CONSTRAINT django_session_pkey PRIMARY KEY (session_key);


--
-- Name: transactions_paymentgateway transactions_paymentgateway_code_key; Type: CONSTRAINT; Schema: public; Owner: postgres
--

ALTER TABLE ONLY public.transactions_paymentgateway
    ADD CONSTRAINT transactions_paymentgateway_code_key UNIQUE (code);


--
-- Name: transactions_paymentgateway transactions_paymentgateway_name_key; Type: CONSTRAINT; Schema: public; Owner: postgres
--

ALTER TABLE ONLY public.transactions_paymentgateway
    ADD CONSTRAINT transactions_paymentgateway_name_key UNIQUE (name);


--
-- Name: transactions_paymentgateway transactions_paymentgateway_pkey; Type: CONSTRAINT; Schema: public; Owner: postgres
--

ALTER TABLE ONLY public.transactions_paymentgateway
    ADD CONSTRAINT transactions_paymentgateway_pkey PRIMARY KEY (id);


--
-- Name: transactions_paymentlink transactions_paymentlink_pkey; Type: CONSTRAINT; Schema: public; Owner: postgres
--

ALTER TABLE ONLY public.transactions_paymentlink
    ADD CONSTRAINT transactions_paymentlink_pkey PRIMARY KEY (id);


--
-- Name: transactions_paymentlink transactions_paymentlink_slug_key; Type: CONSTRAINT; Schema: public; Owner: postgres
--

ALTER TABLE ONLY public.transactions_paymentlink
    ADD CONSTRAINT transactions_paymentlink_slug_key UNIQUE (slug);


--
-- Name: transactions_transaction transactions_transaction_pkey; Type: CONSTRAINT; Schema: public; Owner: postgres
--

ALTER TABLE ONLY public.transactions_transaction
    ADD CONSTRAINT transactions_transaction_pkey PRIMARY KEY (id);


--
-- Name: transactions_transaction transactions_transaction_reference_key; Type: CONSTRAINT; Schema: public; Owner: postgres
--

ALTER TABLE ONLY public.transactions_transaction
    ADD CONSTRAINT transactions_transaction_reference_key UNIQUE (reference);


--
-- Name: transactions_transactionevent transactions_transactionevent_pkey; Type: CONSTRAINT; Schema: public; Owner: postgres
--

ALTER TABLE ONLY public.transactions_transactionevent
    ADD CONSTRAINT transactions_transactionevent_pkey PRIMARY KEY (id);


--
-- Name: transactions_webhook transactions_webhook_pkey; Type: CONSTRAINT; Schema: public; Owner: postgres
--

ALTER TABLE ONLY public.transactions_webhook
    ADD CONSTRAINT transactions_webhook_pkey PRIMARY KEY (id);


--
-- Name: auth_group_name_a6ea08ec_like; Type: INDEX; Schema: public; Owner: postgres
--

CREATE INDEX auth_group_name_a6ea08ec_like ON public.auth_group USING btree (name varchar_pattern_ops);


--
-- Name: auth_group_permissions_group_id_b120cbf9; Type: INDEX; Schema: public; Owner: postgres
--

CREATE INDEX auth_group_permissions_group_id_b120cbf9 ON public.auth_group_permissions USING btree (group_id);


--
-- Name: auth_group_permissions_permission_id_84c5c92e; Type: INDEX; Schema: public; Owner: postgres
--

CREATE INDEX auth_group_permissions_permission_id_84c5c92e ON public.auth_group_permissions USING btree (permission_id);


--
-- Name: auth_permission_content_type_id_2f476e4b; Type: INDEX; Schema: public; Owner: postgres
--

CREATE INDEX auth_permission_content_type_id_2f476e4b ON public.auth_permission USING btree (content_type_id);


--
-- Name: authenticat_app_key_5d8469_idx; Type: INDEX; Schema: public; Owner: postgres
--

CREATE INDEX authenticat_app_key_5d8469_idx ON public.authentication_appkeyusagelog USING btree (app_key_id, created_at);


--
-- Name: authenticat_created_2b17df_idx; Type: INDEX; Schema: public; Owner: postgres
--

CREATE INDEX authenticat_created_2b17df_idx ON public.authentication_appkeyusagelog USING btree (created_at);


--
-- Name: authenticat_status__aba73d_idx; Type: INDEX; Schema: public; Owner: postgres
--

CREATE INDEX authenticat_status__aba73d_idx ON public.authentication_appkeyusagelog USING btree (status_code);


--
-- Name: authenticat_user_id_550608_idx; Type: INDEX; Schema: public; Owner: postgres
--

CREATE INDEX authenticat_user_id_550608_idx ON public.authentication_notification USING btree (user_id, is_read);


--
-- Name: authenticat_user_id_f6653b_idx; Type: INDEX; Schema: public; Owner: postgres
--

CREATE INDEX authenticat_user_id_f6653b_idx ON public.authentication_notification USING btree (user_id, created_at);


--
-- Name: authentication_appkey_partner_id_1dc669ca; Type: INDEX; Schema: public; Owner: postgres
--

CREATE INDEX authentication_appkey_partner_id_1dc669ca ON public.authentication_appkey USING btree (partner_id);


--
-- Name: authentication_appkey_public_key_16a192c4_like; Type: INDEX; Schema: public; Owner: postgres
--

CREATE INDEX authentication_appkey_public_key_16a192c4_like ON public.authentication_appkey USING btree (public_key varchar_pattern_ops);


--
-- Name: authentication_appkey_revoked_by_id_adf21171; Type: INDEX; Schema: public; Owner: postgres
--

CREATE INDEX authentication_appkey_revoked_by_id_adf21171 ON public.authentication_appkey USING btree (revoked_by_id);


--
-- Name: authentication_appkeyusagelog_app_key_id_3e9a2ebd; Type: INDEX; Schema: public; Owner: postgres
--

CREATE INDEX authentication_appkeyusagelog_app_key_id_3e9a2ebd ON public.authentication_appkeyusagelog USING btree (app_key_id);


--
-- Name: authentication_country_code_4c22b404_like; Type: INDEX; Schema: public; Owner: postgres
--

CREATE INDEX authentication_country_code_4c22b404_like ON public.authentication_country USING btree (code varchar_pattern_ops);


--
-- Name: authentication_country_name_72641df1_like; Type: INDEX; Schema: public; Owner: postgres
--

CREATE INDEX authentication_country_name_72641df1_like ON public.authentication_country USING btree (name varchar_pattern_ops);


--
-- Name: authentication_customuser__customuser_id_33d2a5f7; Type: INDEX; Schema: public; Owner: postgres
--

CREATE INDEX authentication_customuser__customuser_id_33d2a5f7 ON public.authentication_customuser_user_permissions USING btree (customuser_id);


--
-- Name: authentication_customuser__permission_id_e47332af; Type: INDEX; Schema: public; Owner: postgres
--

CREATE INDEX authentication_customuser__permission_id_e47332af ON public.authentication_customuser_user_permissions USING btree (permission_id);


--
-- Name: authentication_customuser_country_id_49fffdd6; Type: INDEX; Schema: public; Owner: postgres
--

CREATE INDEX authentication_customuser_country_id_49fffdd6 ON public.authentication_customuser USING btree (country_id);


--
-- Name: authentication_customuser_email_a127f886_like; Type: INDEX; Schema: public; Owner: postgres
--

CREATE INDEX authentication_customuser_email_a127f886_like ON public.authentication_customuser USING btree (email varchar_pattern_ops);


--
-- Name: authentication_customuser_groups_customuser_id_a7d1343c; Type: INDEX; Schema: public; Owner: postgres
--

CREATE INDEX authentication_customuser_groups_customuser_id_a7d1343c ON public.authentication_customuser_groups USING btree (customuser_id);


--
-- Name: authentication_customuser_groups_group_id_c5ef1d10; Type: INDEX; Schema: public; Owner: postgres
--

CREATE INDEX authentication_customuser_groups_group_id_c5ef1d10 ON public.authentication_customuser_groups USING btree (group_id);


--
-- Name: authentication_customuser_preferred_currency_id_178c8162; Type: INDEX; Schema: public; Owner: postgres
--

CREATE INDEX authentication_customuser_preferred_currency_id_178c8162 ON public.authentication_customuser USING btree (preferred_currency_id);


--
-- Name: authentication_documenttypemodel_code_a5559005_like; Type: INDEX; Schema: public; Owner: postgres
--

CREATE INDEX authentication_documenttypemodel_code_a5559005_like ON public.authentication_documenttypemodel USING btree (code varchar_pattern_ops);


--
-- Name: authentication_documenttypemodel_name_ef0c3f21_like; Type: INDEX; Schema: public; Owner: postgres
--

CREATE INDEX authentication_documenttypemodel_name_ef0c3f21_like ON public.authentication_documenttypemodel USING btree (name varchar_pattern_ops);


--
-- Name: authentication_emailotp_user_id_4a65984d; Type: INDEX; Schema: public; Owner: postgres
--

CREATE INDEX authentication_emailotp_user_id_4a65984d ON public.authentication_emailotp USING btree (user_id);


--
-- Name: authentication_merchant_category_id_d326fbdf; Type: INDEX; Schema: public; Owner: postgres
--

CREATE INDEX authentication_merchant_category_id_d326fbdf ON public.authentication_merchant USING btree (category_id);


--
-- Name: authentication_merchant_verified_by_id_61bf5b65; Type: INDEX; Schema: public; Owner: postgres
--

CREATE INDEX authentication_merchant_verified_by_id_61bf5b65 ON public.authentication_merchant USING btree (verified_by_id);


--
-- Name: authentication_merchantcategory_code_1594423a_like; Type: INDEX; Schema: public; Owner: postgres
--

CREATE INDEX authentication_merchantcategory_code_1594423a_like ON public.authentication_merchantcategory USING btree (code varchar_pattern_ops);


--
-- Name: authentication_merchantcategory_name_b51f8104_like; Type: INDEX; Schema: public; Owner: postgres
--

CREATE INDEX authentication_merchantcategory_name_b51f8104_like ON public.authentication_merchantcategory USING btree (name varchar_pattern_ops);


--
-- Name: authentication_merchantdocument_merchant_id_028f7bcc; Type: INDEX; Schema: public; Owner: postgres
--

CREATE INDEX authentication_merchantdocument_merchant_id_028f7bcc ON public.authentication_merchantdocument USING btree (merchant_id);


--
-- Name: authentication_merchantdocument_verified_by_id_0e995f19; Type: INDEX; Schema: public; Owner: postgres
--

CREATE INDEX authentication_merchantdocument_verified_by_id_0e995f19 ON public.authentication_merchantdocument USING btree (verified_by_id);


--
-- Name: authentication_notification_user_id_5c7b0638; Type: INDEX; Schema: public; Owner: postgres
--

CREATE INDEX authentication_notification_user_id_5c7b0638 ON public.authentication_notification USING btree (user_id);


--
-- Name: authentication_preferredcurrency_code_4a669335_like; Type: INDEX; Schema: public; Owner: postgres
--

CREATE INDEX authentication_preferredcurrency_code_4a669335_like ON public.authentication_preferredcurrency USING btree (code varchar_pattern_ops);


--
-- Name: authentication_preferredcurrency_name_422f7c79_like; Type: INDEX; Schema: public; Owner: postgres
--

CREATE INDEX authentication_preferredcurrency_name_422f7c79_like ON public.authentication_preferredcurrency USING btree (name varchar_pattern_ops);


--
-- Name: authentication_rolegroup_groups_group_id_15701762; Type: INDEX; Schema: public; Owner: postgres
--

CREATE INDEX authentication_rolegroup_groups_group_id_15701762 ON public.authentication_rolegroup_groups USING btree (group_id);


--
-- Name: authentication_rolegroup_groups_rolegroup_id_d51a386d; Type: INDEX; Schema: public; Owner: postgres
--

CREATE INDEX authentication_rolegroup_groups_rolegroup_id_d51a386d ON public.authentication_rolegroup_groups USING btree (rolegroup_id);


--
-- Name: authentication_rolegroup_role_a19a9ed5_like; Type: INDEX; Schema: public; Owner: postgres
--

CREATE INDEX authentication_rolegroup_role_a19a9ed5_like ON public.authentication_rolegroup USING btree (role varchar_pattern_ops);


--
-- Name: authentication_usersession_session_key_b4c91413_like; Type: INDEX; Schema: public; Owner: postgres
--

CREATE INDEX authentication_usersession_session_key_b4c91413_like ON public.authentication_usersession USING btree (session_key varchar_pattern_ops);


--
-- Name: authentication_usersession_user_id_5aad142d; Type: INDEX; Schema: public; Owner: postgres
--

CREATE INDEX authentication_usersession_user_id_5aad142d ON public.authentication_usersession USING btree (user_id);


--
-- Name: authentication_whitelabelpartner_code_60e0f26a_like; Type: INDEX; Schema: public; Owner: postgres
--

CREATE INDEX authentication_whitelabelpartner_code_60e0f26a_like ON public.authentication_whitelabelpartner USING btree (code varchar_pattern_ops);


--
-- Name: authentication_whitelabelpartner_verified_by_id_5aa3f5c1; Type: INDEX; Schema: public; Owner: postgres
--

CREATE INDEX authentication_whitelabelpartner_verified_by_id_5aa3f5c1 ON public.authentication_whitelabelpartner USING btree (verified_by_id);


--
-- Name: checkout_checkoutpage_currency_id_133da393; Type: INDEX; Schema: public; Owner: postgres
--

CREATE INDEX checkout_checkoutpage_currency_id_133da393 ON public.checkout_checkoutpage USING btree (currency_id);


--
-- Name: checkout_checkoutpage_merchant_id_be096190; Type: INDEX; Schema: public; Owner: postgres
--

CREATE INDEX checkout_checkoutpage_merchant_id_be096190 ON public.checkout_checkoutpage USING btree (merchant_id);


--
-- Name: checkout_checkoutpage_slug_2c87281a_like; Type: INDEX; Schema: public; Owner: postgres
--

CREATE INDEX checkout_checkoutpage_slug_2c87281a_like ON public.checkout_checkoutpage USING btree (slug varchar_pattern_ops);


--
-- Name: checkout_checkoutsession_checkout_page_id_01dde465; Type: INDEX; Schema: public; Owner: postgres
--

CREATE INDEX checkout_checkoutsession_checkout_page_id_01dde465 ON public.checkout_checkoutsession USING btree (checkout_page_id);


--
-- Name: checkout_checkoutsession_currency_id_39cd7b46; Type: INDEX; Schema: public; Owner: postgres
--

CREATE INDEX checkout_checkoutsession_currency_id_39cd7b46 ON public.checkout_checkoutsession USING btree (currency_id);


--
-- Name: checkout_checkoutsession_session_token_e9ed06b1_like; Type: INDEX; Schema: public; Owner: postgres
--

CREATE INDEX checkout_checkoutsession_session_token_e9ed06b1_like ON public.checkout_checkoutsession USING btree (session_token varchar_pattern_ops);


--
-- Name: checkout_paymentmethodconfig_checkout_page_id_62142146; Type: INDEX; Schema: public; Owner: postgres
--

CREATE INDEX checkout_paymentmethodconfig_checkout_page_id_62142146 ON public.checkout_paymentmethodconfig USING btree (checkout_page_id);


--
-- Name: django_admin_log_content_type_id_c4bce8eb; Type: INDEX; Schema: public; Owner: postgres
--

CREATE INDEX django_admin_log_content_type_id_c4bce8eb ON public.django_admin_log USING btree (content_type_id);


--
-- Name: django_admin_log_user_id_c564eba6; Type: INDEX; Schema: public; Owner: postgres
--

CREATE INDEX django_admin_log_user_id_c564eba6 ON public.django_admin_log USING btree (user_id);


--
-- Name: django_session_expire_date_a5c62663; Type: INDEX; Schema: public; Owner: postgres
--

CREATE INDEX django_session_expire_date_a5c62663 ON public.django_session USING btree (expire_date);


--
-- Name: django_session_session_key_c0390e0f_like; Type: INDEX; Schema: public; Owner: postgres
--

CREATE INDEX django_session_session_key_c0390e0f_like ON public.django_session USING btree (session_key varchar_pattern_ops);


--
-- Name: transaction_custome_9f3449_idx; Type: INDEX; Schema: public; Owner: postgres
--

CREATE INDEX transaction_custome_9f3449_idx ON public.transactions_transaction USING btree (customer_id, status);


--
-- Name: transaction_externa_6c3fd2_idx; Type: INDEX; Schema: public; Owner: postgres
--

CREATE INDEX transaction_externa_6c3fd2_idx ON public.transactions_transaction USING btree (external_reference);


--
-- Name: transaction_gateway_a33fc0_idx; Type: INDEX; Schema: public; Owner: postgres
--

CREATE INDEX transaction_gateway_a33fc0_idx ON public.transactions_transaction USING btree (gateway_id, status);


--
-- Name: transaction_merchan_78c472_idx; Type: INDEX; Schema: public; Owner: postgres
--

CREATE INDEX transaction_merchan_78c472_idx ON public.transactions_transaction USING btree (merchant_id, status);


--
-- Name: transaction_referen_923a88_idx; Type: INDEX; Schema: public; Owner: postgres
--

CREATE INDEX transaction_referen_923a88_idx ON public.transactions_transaction USING btree (reference);


--
-- Name: transaction_settlem_b86b4f_idx; Type: INDEX; Schema: public; Owner: postgres
--

CREATE INDEX transaction_settlem_b86b4f_idx ON public.transactions_transaction USING btree (settlement_date);


--
-- Name: transaction_status_d2f80b_idx; Type: INDEX; Schema: public; Owner: postgres
--

CREATE INDEX transaction_status_d2f80b_idx ON public.transactions_transaction USING btree (status, created_at);


--
-- Name: transactions_paymentgateway_code_2acf316a_like; Type: INDEX; Schema: public; Owner: postgres
--

CREATE INDEX transactions_paymentgateway_code_2acf316a_like ON public.transactions_paymentgateway USING btree (code varchar_pattern_ops);


--
-- Name: transactions_paymentgateway_name_ef4c4121_like; Type: INDEX; Schema: public; Owner: postgres
--

CREATE INDEX transactions_paymentgateway_name_ef4c4121_like ON public.transactions_paymentgateway USING btree (name varchar_pattern_ops);


--
-- Name: transactions_paymentlink_currency_id_c3e29c76; Type: INDEX; Schema: public; Owner: postgres
--

CREATE INDEX transactions_paymentlink_currency_id_c3e29c76 ON public.transactions_paymentlink USING btree (currency_id);


--
-- Name: transactions_paymentlink_merchant_id_8c6950b0; Type: INDEX; Schema: public; Owner: postgres
--

CREATE INDEX transactions_paymentlink_merchant_id_8c6950b0 ON public.transactions_paymentlink USING btree (merchant_id);


--
-- Name: transactions_paymentlink_slug_f152bf17_like; Type: INDEX; Schema: public; Owner: postgres
--

CREATE INDEX transactions_paymentlink_slug_f152bf17_like ON public.transactions_paymentlink USING btree (slug varchar_pattern_ops);


--
-- Name: transactions_transaction_currency_id_128b4582; Type: INDEX; Schema: public; Owner: postgres
--

CREATE INDEX transactions_transaction_currency_id_128b4582 ON public.transactions_transaction USING btree (currency_id);


--
-- Name: transactions_transaction_customer_id_a7fa6b0f; Type: INDEX; Schema: public; Owner: postgres
--

CREATE INDEX transactions_transaction_customer_id_a7fa6b0f ON public.transactions_transaction USING btree (customer_id);


--
-- Name: transactions_transaction_gateway_id_b174732f; Type: INDEX; Schema: public; Owner: postgres
--

CREATE INDEX transactions_transaction_gateway_id_b174732f ON public.transactions_transaction USING btree (gateway_id);


--
-- Name: transactions_transaction_merchant_id_eef219ea; Type: INDEX; Schema: public; Owner: postgres
--

CREATE INDEX transactions_transaction_merchant_id_eef219ea ON public.transactions_transaction USING btree (merchant_id);


--
-- Name: transactions_transaction_parent_transaction_id_0a5f456a; Type: INDEX; Schema: public; Owner: postgres
--

CREATE INDEX transactions_transaction_parent_transaction_id_0a5f456a ON public.transactions_transaction USING btree (parent_transaction_id);


--
-- Name: transactions_transaction_reference_65ce6e73_like; Type: INDEX; Schema: public; Owner: postgres
--

CREATE INDEX transactions_transaction_reference_65ce6e73_like ON public.transactions_transaction USING btree (reference varchar_pattern_ops);


--
-- Name: transactions_transactionevent_transaction_id_4229dd0f; Type: INDEX; Schema: public; Owner: postgres
--

CREATE INDEX transactions_transactionevent_transaction_id_4229dd0f ON public.transactions_transactionevent USING btree (transaction_id);


--
-- Name: transactions_transactionevent_user_id_5f46f09b; Type: INDEX; Schema: public; Owner: postgres
--

CREATE INDEX transactions_transactionevent_user_id_5f46f09b ON public.transactions_transactionevent USING btree (user_id);


--
-- Name: transactions_webhook_transaction_id_9c7c9ea3; Type: INDEX; Schema: public; Owner: postgres
--

CREATE INDEX transactions_webhook_transaction_id_9c7c9ea3 ON public.transactions_webhook USING btree (transaction_id);


--
-- Name: auth_group_permissions auth_group_permissio_permission_id_84c5c92e_fk_auth_perm; Type: FK CONSTRAINT; Schema: public; Owner: postgres
--

ALTER TABLE ONLY public.auth_group_permissions
    ADD CONSTRAINT auth_group_permissio_permission_id_84c5c92e_fk_auth_perm FOREIGN KEY (permission_id) REFERENCES public.auth_permission(id) DEFERRABLE INITIALLY DEFERRED;


--
-- Name: auth_group_permissions auth_group_permissions_group_id_b120cbf9_fk_auth_group_id; Type: FK CONSTRAINT; Schema: public; Owner: postgres
--

ALTER TABLE ONLY public.auth_group_permissions
    ADD CONSTRAINT auth_group_permissions_group_id_b120cbf9_fk_auth_group_id FOREIGN KEY (group_id) REFERENCES public.auth_group(id) DEFERRABLE INITIALLY DEFERRED;


--
-- Name: auth_permission auth_permission_content_type_id_2f476e4b_fk_django_co; Type: FK CONSTRAINT; Schema: public; Owner: postgres
--

ALTER TABLE ONLY public.auth_permission
    ADD CONSTRAINT auth_permission_content_type_id_2f476e4b_fk_django_co FOREIGN KEY (content_type_id) REFERENCES public.django_content_type(id) DEFERRABLE INITIALLY DEFERRED;


--
-- Name: authentication_appkeyusagelog authentication_appke_app_key_id_3e9a2ebd_fk_authentic; Type: FK CONSTRAINT; Schema: public; Owner: postgres
--

ALTER TABLE ONLY public.authentication_appkeyusagelog
    ADD CONSTRAINT authentication_appke_app_key_id_3e9a2ebd_fk_authentic FOREIGN KEY (app_key_id) REFERENCES public.authentication_appkey(id) DEFERRABLE INITIALLY DEFERRED;


--
-- Name: authentication_appkey authentication_appke_partner_id_1dc669ca_fk_authentic; Type: FK CONSTRAINT; Schema: public; Owner: postgres
--

ALTER TABLE ONLY public.authentication_appkey
    ADD CONSTRAINT authentication_appke_partner_id_1dc669ca_fk_authentic FOREIGN KEY (partner_id) REFERENCES public.authentication_whitelabelpartner(id) DEFERRABLE INITIALLY DEFERRED;


--
-- Name: authentication_appkey authentication_appke_revoked_by_id_adf21171_fk_authentic; Type: FK CONSTRAINT; Schema: public; Owner: postgres
--

ALTER TABLE ONLY public.authentication_appkey
    ADD CONSTRAINT authentication_appke_revoked_by_id_adf21171_fk_authentic FOREIGN KEY (revoked_by_id) REFERENCES public.authentication_customuser(id) DEFERRABLE INITIALLY DEFERRED;


--
-- Name: authentication_customuser authentication_custo_country_id_49fffdd6_fk_authentic; Type: FK CONSTRAINT; Schema: public; Owner: postgres
--

ALTER TABLE ONLY public.authentication_customuser
    ADD CONSTRAINT authentication_custo_country_id_49fffdd6_fk_authentic FOREIGN KEY (country_id) REFERENCES public.authentication_country(id) DEFERRABLE INITIALLY DEFERRED;


--
-- Name: authentication_customuser_user_permissions authentication_custo_customuser_id_33d2a5f7_fk_authentic; Type: FK CONSTRAINT; Schema: public; Owner: postgres
--

ALTER TABLE ONLY public.authentication_customuser_user_permissions
    ADD CONSTRAINT authentication_custo_customuser_id_33d2a5f7_fk_authentic FOREIGN KEY (customuser_id) REFERENCES public.authentication_customuser(id) DEFERRABLE INITIALLY DEFERRED;


--
-- Name: authentication_customuser_groups authentication_custo_customuser_id_a7d1343c_fk_authentic; Type: FK CONSTRAINT; Schema: public; Owner: postgres
--

ALTER TABLE ONLY public.authentication_customuser_groups
    ADD CONSTRAINT authentication_custo_customuser_id_a7d1343c_fk_authentic FOREIGN KEY (customuser_id) REFERENCES public.authentication_customuser(id) DEFERRABLE INITIALLY DEFERRED;


--
-- Name: authentication_customuser_groups authentication_custo_group_id_c5ef1d10_fk_auth_grou; Type: FK CONSTRAINT; Schema: public; Owner: postgres
--

ALTER TABLE ONLY public.authentication_customuser_groups
    ADD CONSTRAINT authentication_custo_group_id_c5ef1d10_fk_auth_grou FOREIGN KEY (group_id) REFERENCES public.auth_group(id) DEFERRABLE INITIALLY DEFERRED;


--
-- Name: authentication_customuser_user_permissions authentication_custo_permission_id_e47332af_fk_auth_perm; Type: FK CONSTRAINT; Schema: public; Owner: postgres
--

ALTER TABLE ONLY public.authentication_customuser_user_permissions
    ADD CONSTRAINT authentication_custo_permission_id_e47332af_fk_auth_perm FOREIGN KEY (permission_id) REFERENCES public.auth_permission(id) DEFERRABLE INITIALLY DEFERRED;


--
-- Name: authentication_customuser authentication_custo_preferred_currency_i_178c8162_fk_authentic; Type: FK CONSTRAINT; Schema: public; Owner: postgres
--

ALTER TABLE ONLY public.authentication_customuser
    ADD CONSTRAINT authentication_custo_preferred_currency_i_178c8162_fk_authentic FOREIGN KEY (preferred_currency_id) REFERENCES public.authentication_preferredcurrency(id) DEFERRABLE INITIALLY DEFERRED;


--
-- Name: authentication_emailotp authentication_email_user_id_4a65984d_fk_authentic; Type: FK CONSTRAINT; Schema: public; Owner: postgres
--

ALTER TABLE ONLY public.authentication_emailotp
    ADD CONSTRAINT authentication_email_user_id_4a65984d_fk_authentic FOREIGN KEY (user_id) REFERENCES public.authentication_customuser(id) DEFERRABLE INITIALLY DEFERRED;


--
-- Name: authentication_merchant authentication_merch_category_id_d326fbdf_fk_authentic; Type: FK CONSTRAINT; Schema: public; Owner: postgres
--

ALTER TABLE ONLY public.authentication_merchant
    ADD CONSTRAINT authentication_merch_category_id_d326fbdf_fk_authentic FOREIGN KEY (category_id) REFERENCES public.authentication_merchantcategory(id) DEFERRABLE INITIALLY DEFERRED;


--
-- Name: authentication_merchantdocument authentication_merch_merchant_id_028f7bcc_fk_authentic; Type: FK CONSTRAINT; Schema: public; Owner: postgres
--

ALTER TABLE ONLY public.authentication_merchantdocument
    ADD CONSTRAINT authentication_merch_merchant_id_028f7bcc_fk_authentic FOREIGN KEY (merchant_id) REFERENCES public.authentication_merchant(id) DEFERRABLE INITIALLY DEFERRED;


--
-- Name: authentication_merchant authentication_merch_user_id_e2db542f_fk_authentic; Type: FK CONSTRAINT; Schema: public; Owner: postgres
--

ALTER TABLE ONLY public.authentication_merchant
    ADD CONSTRAINT authentication_merch_user_id_e2db542f_fk_authentic FOREIGN KEY (user_id) REFERENCES public.authentication_customuser(id) DEFERRABLE INITIALLY DEFERRED;


--
-- Name: authentication_merchantdocument authentication_merch_verified_by_id_0e995f19_fk_authentic; Type: FK CONSTRAINT; Schema: public; Owner: postgres
--

ALTER TABLE ONLY public.authentication_merchantdocument
    ADD CONSTRAINT authentication_merch_verified_by_id_0e995f19_fk_authentic FOREIGN KEY (verified_by_id) REFERENCES public.authentication_customuser(id) DEFERRABLE INITIALLY DEFERRED;


--
-- Name: authentication_merchant authentication_merch_verified_by_id_61bf5b65_fk_authentic; Type: FK CONSTRAINT; Schema: public; Owner: postgres
--

ALTER TABLE ONLY public.authentication_merchant
    ADD CONSTRAINT authentication_merch_verified_by_id_61bf5b65_fk_authentic FOREIGN KEY (verified_by_id) REFERENCES public.authentication_customuser(id) DEFERRABLE INITIALLY DEFERRED;


--
-- Name: authentication_notification authentication_notif_user_id_5c7b0638_fk_authentic; Type: FK CONSTRAINT; Schema: public; Owner: postgres
--

ALTER TABLE ONLY public.authentication_notification
    ADD CONSTRAINT authentication_notif_user_id_5c7b0638_fk_authentic FOREIGN KEY (user_id) REFERENCES public.authentication_customuser(id) DEFERRABLE INITIALLY DEFERRED;


--
-- Name: authentication_rolegroup_groups authentication_roleg_group_id_15701762_fk_auth_grou; Type: FK CONSTRAINT; Schema: public; Owner: postgres
--

ALTER TABLE ONLY public.authentication_rolegroup_groups
    ADD CONSTRAINT authentication_roleg_group_id_15701762_fk_auth_grou FOREIGN KEY (group_id) REFERENCES public.auth_group(id) DEFERRABLE INITIALLY DEFERRED;


--
-- Name: authentication_rolegroup_groups authentication_roleg_rolegroup_id_d51a386d_fk_authentic; Type: FK CONSTRAINT; Schema: public; Owner: postgres
--

ALTER TABLE ONLY public.authentication_rolegroup_groups
    ADD CONSTRAINT authentication_roleg_rolegroup_id_d51a386d_fk_authentic FOREIGN KEY (rolegroup_id) REFERENCES public.authentication_rolegroup(id) DEFERRABLE INITIALLY DEFERRED;


--
-- Name: authentication_usersession authentication_users_user_id_5aad142d_fk_authentic; Type: FK CONSTRAINT; Schema: public; Owner: postgres
--

ALTER TABLE ONLY public.authentication_usersession
    ADD CONSTRAINT authentication_users_user_id_5aad142d_fk_authentic FOREIGN KEY (user_id) REFERENCES public.authentication_customuser(id) DEFERRABLE INITIALLY DEFERRED;


--
-- Name: authentication_whitelabelpartner authentication_white_verified_by_id_5aa3f5c1_fk_authentic; Type: FK CONSTRAINT; Schema: public; Owner: postgres
--

ALTER TABLE ONLY public.authentication_whitelabelpartner
    ADD CONSTRAINT authentication_white_verified_by_id_5aa3f5c1_fk_authentic FOREIGN KEY (verified_by_id) REFERENCES public.authentication_customuser(id) DEFERRABLE INITIALLY DEFERRED;


--
-- Name: checkout_checkoutpage checkout_checkoutpag_currency_id_133da393_fk_authentic; Type: FK CONSTRAINT; Schema: public; Owner: postgres
--

ALTER TABLE ONLY public.checkout_checkoutpage
    ADD CONSTRAINT checkout_checkoutpag_currency_id_133da393_fk_authentic FOREIGN KEY (currency_id) REFERENCES public.authentication_preferredcurrency(id) DEFERRABLE INITIALLY DEFERRED;


--
-- Name: checkout_checkoutpage checkout_checkoutpag_merchant_id_be096190_fk_authentic; Type: FK CONSTRAINT; Schema: public; Owner: postgres
--

ALTER TABLE ONLY public.checkout_checkoutpage
    ADD CONSTRAINT checkout_checkoutpag_merchant_id_be096190_fk_authentic FOREIGN KEY (merchant_id) REFERENCES public.authentication_merchant(id) DEFERRABLE INITIALLY DEFERRED;


--
-- Name: checkout_checkoutsession checkout_checkoutses_checkout_page_id_01dde465_fk_checkout_; Type: FK CONSTRAINT; Schema: public; Owner: postgres
--

ALTER TABLE ONLY public.checkout_checkoutsession
    ADD CONSTRAINT checkout_checkoutses_checkout_page_id_01dde465_fk_checkout_ FOREIGN KEY (checkout_page_id) REFERENCES public.checkout_checkoutpage(id) DEFERRABLE INITIALLY DEFERRED;


--
-- Name: checkout_checkoutsession checkout_checkoutses_currency_id_39cd7b46_fk_authentic; Type: FK CONSTRAINT; Schema: public; Owner: postgres
--

ALTER TABLE ONLY public.checkout_checkoutsession
    ADD CONSTRAINT checkout_checkoutses_currency_id_39cd7b46_fk_authentic FOREIGN KEY (currency_id) REFERENCES public.authentication_preferredcurrency(id) DEFERRABLE INITIALLY DEFERRED;


--
-- Name: checkout_paymentmethodconfig checkout_paymentmeth_checkout_page_id_62142146_fk_checkout_; Type: FK CONSTRAINT; Schema: public; Owner: postgres
--

ALTER TABLE ONLY public.checkout_paymentmethodconfig
    ADD CONSTRAINT checkout_paymentmeth_checkout_page_id_62142146_fk_checkout_ FOREIGN KEY (checkout_page_id) REFERENCES public.checkout_checkoutpage(id) DEFERRABLE INITIALLY DEFERRED;


--
-- Name: django_admin_log django_admin_log_content_type_id_c4bce8eb_fk_django_co; Type: FK CONSTRAINT; Schema: public; Owner: postgres
--

ALTER TABLE ONLY public.django_admin_log
    ADD CONSTRAINT django_admin_log_content_type_id_c4bce8eb_fk_django_co FOREIGN KEY (content_type_id) REFERENCES public.django_content_type(id) DEFERRABLE INITIALLY DEFERRED;


--
-- Name: django_admin_log django_admin_log_user_id_c564eba6_fk_authentic; Type: FK CONSTRAINT; Schema: public; Owner: postgres
--

ALTER TABLE ONLY public.django_admin_log
    ADD CONSTRAINT django_admin_log_user_id_c564eba6_fk_authentic FOREIGN KEY (user_id) REFERENCES public.authentication_customuser(id) DEFERRABLE INITIALLY DEFERRED;


--
-- Name: transactions_paymentlink transactions_payment_currency_id_c3e29c76_fk_authentic; Type: FK CONSTRAINT; Schema: public; Owner: postgres
--

ALTER TABLE ONLY public.transactions_paymentlink
    ADD CONSTRAINT transactions_payment_currency_id_c3e29c76_fk_authentic FOREIGN KEY (currency_id) REFERENCES public.authentication_preferredcurrency(id) DEFERRABLE INITIALLY DEFERRED;


--
-- Name: transactions_paymentlink transactions_payment_merchant_id_8c6950b0_fk_authentic; Type: FK CONSTRAINT; Schema: public; Owner: postgres
--

ALTER TABLE ONLY public.transactions_paymentlink
    ADD CONSTRAINT transactions_payment_merchant_id_8c6950b0_fk_authentic FOREIGN KEY (merchant_id) REFERENCES public.authentication_merchant(id) DEFERRABLE INITIALLY DEFERRED;


--
-- Name: transactions_transaction transactions_transac_currency_id_128b4582_fk_authentic; Type: FK CONSTRAINT; Schema: public; Owner: postgres
--

ALTER TABLE ONLY public.transactions_transaction
    ADD CONSTRAINT transactions_transac_currency_id_128b4582_fk_authentic FOREIGN KEY (currency_id) REFERENCES public.authentication_preferredcurrency(id) DEFERRABLE INITIALLY DEFERRED;


--
-- Name: transactions_transaction transactions_transac_customer_id_a7fa6b0f_fk_authentic; Type: FK CONSTRAINT; Schema: public; Owner: postgres
--

ALTER TABLE ONLY public.transactions_transaction
    ADD CONSTRAINT transactions_transac_customer_id_a7fa6b0f_fk_authentic FOREIGN KEY (customer_id) REFERENCES public.authentication_customuser(id) DEFERRABLE INITIALLY DEFERRED;


--
-- Name: transactions_transaction transactions_transac_gateway_id_b174732f_fk_transacti; Type: FK CONSTRAINT; Schema: public; Owner: postgres
--

ALTER TABLE ONLY public.transactions_transaction
    ADD CONSTRAINT transactions_transac_gateway_id_b174732f_fk_transacti FOREIGN KEY (gateway_id) REFERENCES public.transactions_paymentgateway(id) DEFERRABLE INITIALLY DEFERRED;


--
-- Name: transactions_transaction transactions_transac_merchant_id_eef219ea_fk_authentic; Type: FK CONSTRAINT; Schema: public; Owner: postgres
--

ALTER TABLE ONLY public.transactions_transaction
    ADD CONSTRAINT transactions_transac_merchant_id_eef219ea_fk_authentic FOREIGN KEY (merchant_id) REFERENCES public.authentication_merchant(id) DEFERRABLE INITIALLY DEFERRED;


--
-- Name: transactions_transaction transactions_transac_parent_transaction_i_0a5f456a_fk_transacti; Type: FK CONSTRAINT; Schema: public; Owner: postgres
--

ALTER TABLE ONLY public.transactions_transaction
    ADD CONSTRAINT transactions_transac_parent_transaction_i_0a5f456a_fk_transacti FOREIGN KEY (parent_transaction_id) REFERENCES public.transactions_transaction(id) DEFERRABLE INITIALLY DEFERRED;


--
-- Name: transactions_transactionevent transactions_transac_transaction_id_4229dd0f_fk_transacti; Type: FK CONSTRAINT; Schema: public; Owner: postgres
--

ALTER TABLE ONLY public.transactions_transactionevent
    ADD CONSTRAINT transactions_transac_transaction_id_4229dd0f_fk_transacti FOREIGN KEY (transaction_id) REFERENCES public.transactions_transaction(id) DEFERRABLE INITIALLY DEFERRED;


--
-- Name: transactions_transactionevent transactions_transac_user_id_5f46f09b_fk_authentic; Type: FK CONSTRAINT; Schema: public; Owner: postgres
--

ALTER TABLE ONLY public.transactions_transactionevent
    ADD CONSTRAINT transactions_transac_user_id_5f46f09b_fk_authentic FOREIGN KEY (user_id) REFERENCES public.authentication_customuser(id) DEFERRABLE INITIALLY DEFERRED;


--
-- Name: transactions_webhook transactions_webhook_transaction_id_9c7c9ea3_fk_transacti; Type: FK CONSTRAINT; Schema: public; Owner: postgres
--

ALTER TABLE ONLY public.transactions_webhook
    ADD CONSTRAINT transactions_webhook_transaction_id_9c7c9ea3_fk_transacti FOREIGN KEY (transaction_id) REFERENCES public.transactions_transaction(id) DEFERRABLE INITIALLY DEFERRED;


--
-- PostgreSQL database dump complete
--

